CustomerID,Recency,Frequency,AdjMonetary,HadCancellation,HadDiscounts,HadManual,IsMultiCountry,Country,Cluster,Clusterlabel
12346,326,1,0.0,1,0,0,0,United Kingdom,3,At-Risk
12347,2,7,4310.0,0,0,0,0,Iceland,1,VIP Customer
12348,75,4,1797.24,0,0,0,0,Finland,0,Stable but Passive
12349,19,1,1757.55,0,0,0,0,Italy,2,Occasional but Reachable
12350,310,1,334.4,0,0,0,0,Norway,3,At-Risk
12352,36,7,1545.41,7,0,6,0,Norway,0,Stable but Passive
12353,204,1,89.0,0,0,0,0,Bahrain,3,At-Risk
12354,232,1,1079.4,0,0,0,0,Spain,3,At-Risk
12355,214,1,459.4,0,0,0,0,Bahrain,3,At-Risk
12356,23,3,2811.43,0,0,0,0,Portugal,0,Stable but Passive
12357,33,1,6207.67,0,0,0,0,Switzerland,0,Stable but Passive
12358,2,2,1168.06,0,0,0,0,Austria,2,Occasional but Reachable
12359,58,4,6182.98,6,0,0,0,Cyprus,0,Stable but Passive
12360,52,3,2662.06,0,0,0,0,Austria,0,Stable but Passive
12361,287,1,189.9,0,0,0,0,Belgium,3,At-Risk
12362,3,10,5154.58,8,0,0,0,Belgium,1,VIP Customer
12363,110,2,552.0,0,0,0,0,Unspecified,3,At-Risk
12364,8,4,1313.1,0,0,0,0,Belgium,2,Occasional but Reachable
12365,291,1,320.69,0,0,2,0,Cyprus,3,At-Risk
12367,4,1,168.9,0,0,0,0,Denmark,2,Occasional but Reachable
12370,51,4,3541.94,0,0,0,1,Cyprus,0,Stable but Passive
12371,45,2,1887.96,0,0,0,0,Switzerland,0,Stable but Passive
12372,72,3,1298.04,0,0,0,0,Denmark,0,Stable but Passive
12373,311,1,364.6,0,0,0,0,Austria,3,At-Risk
12374,25,1,742.9300000000001,0,0,0,0,Austria,2,Occasional but Reachable
12375,11,2,455.42,1,0,0,0,Finland,2,Occasional but Reachable
12377,315,2,1628.12,0,0,0,0,Switzerland,0,Stable but Passive
12378,130,1,4008.62,0,0,0,0,Switzerland,0,Stable but Passive
12379,82,2,850.29,1,0,0,0,Belgium,0,Stable but Passive
12380,22,4,2720.56,1,0,0,0,Belgium,0,Stable but Passive
12381,5,5,1803.96,4,0,0,0,Norway,1,VIP Customer
12383,185,5,1839.31,1,0,0,0,Belgium,0,Stable but Passive
12384,29,2,566.16,3,0,0,0,Switzerland,2,Occasional but Reachable
12386,338,2,401.9,0,0,0,0,Australia,3,At-Risk
12388,16,6,2780.66,0,0,0,0,Australia,1,VIP Customer
12390,80,1,549.84,0,0,0,0,Belgium,3,At-Risk
12391,22,1,439.66,0,0,0,0,Cyprus,2,Occasional but Reachable
12393,72,4,1582.6000000000001,0,0,0,0,Australia,0,Stable but Passive
12394,64,2,1272.48,0,0,0,1,Belgium,0,Stable but Passive
12395,19,12,2998.28,3,0,0,0,Belgium,1,VIP Customer
12397,36,2,2409.9,0,0,0,0,Belgium,0,Stable but Passive
12398,46,1,1635.6599999999999,0,0,0,0,Switzerland,0,Stable but Passive
12399,119,4,1108.65,0,0,0,0,Belgium,0,Stable but Passive
12401,303,1,84.3,0,0,0,0,Belgium,3,At-Risk
12402,323,1,225.6,0,0,0,0,Belgium,3,At-Risk
12403,50,1,409.7,1,0,0,0,Denmark,3,At-Risk
12405,149,1,1710.39,0,0,0,0,Finland,0,Stable but Passive
12406,22,2,3280.75,3,0,0,0,Denmark,0,Stable but Passive
12407,50,5,1708.1200000000001,0,0,0,0,Belgium,0,Stable but Passive
12408,33,5,2842.57,8,0,0,0,Belgium,0,Stable but Passive
12409,79,3,11056.93,5,0,0,0,Switzerland,0,Stable but Passive
12410,309,2,681.0799999999999,2,0,0,0,Switzerland,3,At-Risk
12412,75,3,1226.88,0,0,0,0,Denmark,0,Stable but Passive
12413,67,3,694.15,2,0,0,0,France,0,Stable but Passive
12414,217,3,562.41,0,0,0,0,Austria,3,At-Risk
12415,24,21,123725.45,62,0,0,0,Australia,1,VIP Customer
12417,3,9,3578.7999999999997,6,0,0,1,Belgium,1,VIP Customer
12418,113,1,668.58,0,0,0,0,Switzerland,3,At-Risk
12420,64,1,600.39,0,0,0,0,Cyprus,3,At-Risk
12421,16,4,806.27,0,0,1,0,Spain,2,Occasional but Reachable
12422,96,3,803.5600000000001,0,0,0,1,Australia,0,Stable but Passive
12423,1,8,1849.11,1,0,0,0,Belgium,1,VIP Customer
12424,163,2,1760.96,0,0,0,0,Australia,0,Stable but Passive
12425,78,1,777.2,0,0,0,0,Portugal,3,At-Risk
12426,195,1,582.73,0,0,0,0,Germany,3,At-Risk
12427,22,3,708.37,4,0,0,0,Germany,2,Occasional but Reachable
12428,26,8,6774.8,6,0,1,0,Finland,1,VIP Customer
12429,9,4,3750.4,0,0,0,1,Denmark,1,VIP Customer
12430,43,1,256.4,0,0,0,0,Norway,3,At-Risk
12431,36,15,6348.889999999999,4,0,0,1,Australia,1,VIP Customer
12432,43,5,5059.32,0,0,0,0,Norway,0,Stable but Passive
12433,1,7,13375.87,0,0,0,0,Norway,1,VIP Customer
12434,85,2,765.1899999999999,4,0,0,0,Australia,0,Stable but Passive
12435,80,2,7829.89,0,0,0,0,Denmark,0,Stable but Passive
12436,100,1,509.01,0,0,0,0,Norway,3,At-Risk
12437,2,18,4896.66,1,0,1,0,France,1,VIP Customer
12438,14,2,2906.85,0,0,0,0,Norway,0,Stable but Passive
12441,367,1,173.55,0,0,0,0,France,3,At-Risk
12442,3,1,172.06,0,0,0,0,Spain,2,Occasional but Reachable
12444,21,5,5005.46,0,0,0,0,Norway,1,VIP Customer
12445,22,1,133.4,0,0,0,0,Spain,2,Occasional but Reachable
12446,58,1,1002.3100000000001,0,0,1,0,RSA,0,Stable but Passive
12447,243,1,476.49,0,0,0,0,Belgium,3,At-Risk
12448,44,1,449.45,0,0,0,0,Spain,2,Occasional but Reachable
12449,22,4,4067.29,0,0,0,0,Belgium,0,Stable but Passive
12450,156,2,197.88,0,0,0,0,Spain,3,At-Risk
12451,11,5,8933.52,1,0,0,0,Switzerland,1,VIP Customer
12452,17,2,428.57,1,0,0,0,Switzerland,2,Occasional but Reachable
12453,134,1,707.09,0,0,0,0,Austria,3,At-Risk
12454,56,1,4.547473508864641e-13,15,0,0,0,Spain,3,At-Risk
12455,73,6,2466.86,0,0,0,1,Cyprus,0,Stable but Passive
12456,44,3,3153.89,4,0,0,0,Switzerland,0,Stable but Passive
12457,66,7,1917.78,5,0,0,1,Switzerland,0,Stable but Passive
12458,71,2,947.4,0,0,0,0,Switzerland,0,Stable but Passive
12461,94,2,826.88,0,0,0,0,Switzerland,0,Stable but Passive
12462,19,2,1124.01,10,0,0,0,Spain,2,Occasional but Reachable
12463,53,4,1303.6299999999999,5,0,0,0,Belgium,0,Stable but Passive
12464,10,8,1212.05,0,0,0,0,Belgium,1,VIP Customer
12465,17,2,733.89,4,0,0,0,Belgium,2,Occasional but Reachable
12468,188,2,724.0400000000001,2,0,0,0,Germany,3,At-Risk
12471,2,29,18645.52,71,0,1,0,Germany,1,VIP Customer
12472,32,7,6229.48,52,0,0,0,Germany,1,VIP Customer
12473,54,3,2756.81,8,0,7,0,Germany,0,Stable but Passive
12474,17,18,7064.77,33,0,0,0,Germany,1,VIP Customer
12475,54,1,723.38,0,0,0,0,Germany,3,At-Risk
12476,16,11,6546.58,31,0,0,0,Germany,1,VIP Customer
12477,23,6,13117.01,8,0,0,0,Germany,1,VIP Customer
12478,4,1,680.99,0,0,0,0,Greece,2,Occasional but Reachable
12479,11,1,477.30000000000007,4,0,0,0,Germany,2,Occasional but Reachable
12480,28,4,3281.63,0,0,0,0,Germany,0,Stable but Passive
12481,23,10,5574.36,1,0,0,0,Germany,1,VIP Customer
12483,17,8,2327.13,6,0,0,0,Sweden,1,VIP Customer
12484,33,6,4480.87,4,0,0,0,Spain,0,Stable but Passive
12488,10,3,1298.66,0,0,0,0,France,2,Occasional but Reachable
12489,336,1,334.93,0,0,0,0,France,3,At-Risk
12490,5,10,5417.93,0,0,0,0,France,1,VIP Customer
12491,39,1,460.40000000000003,0,0,0,0,France,2,Occasional but Reachable
12492,63,2,263.21000000000004,0,0,0,0,Germany,3,At-Risk
12493,166,2,416.79,1,0,0,0,France,3,At-Risk
12494,16,7,1139.3500000000001,7,0,0,0,France,0,Stable but Passive
12497,82,1,1043.1,0,0,0,0,Germany,3,At-Risk
12498,21,3,403.70000000000005,0,0,0,0,Germany,2,Occasional but Reachable
12500,23,11,4206.2699999999995,4,0,0,0,Germany,1,VIP Customer
12501,337,1,2089.68,11,0,0,0,Germany,3,At-Risk
12502,96,5,3723.87,0,0,0,0,Spain,0,Stable but Passive
12504,18,2,114.0,6,0,0,0,Germany,2,Occasional but Reachable
12506,233,1,73.5,0,0,0,0,France,3,At-Risk
12507,134,3,1258.06,1,0,0,0,Spain,0,Stable but Passive
12508,26,2,397.88,0,0,0,0,France,2,Occasional but Reachable
12509,284,1,176.5,0,0,0,0,France,3,At-Risk
12510,143,2,982.5699999999999,0,0,0,0,Spain,0,Stable but Passive
12512,66,2,132.18,0,0,0,0,Israel,3,At-Risk
12513,113,1,586.79,1,0,0,0,France,3,At-Risk
12514,267,1,1017.68,0,0,0,0,Italy,3,At-Risk
12515,353,1,383.7,0,0,0,0,Italy,3,At-Risk
12516,78,2,1312.06,0,0,0,0,Germany,0,Stable but Passive
12517,28,5,2443.65,2,0,0,0,Germany,0,Stable but Passive
12518,1,5,2056.89,0,0,0,0,Germany,1,VIP Customer
12519,64,1,330.84,0,0,0,0,Germany,3,At-Risk
12520,79,5,2582.51,3,0,0,0,Germany,0,Stable but Passive
12521,143,1,599.68,0,0,0,0,Germany,3,At-Risk
12522,39,2,192.72,0,0,0,0,Germany,2,Occasional but Reachable
12523,19,11,1745.57,4,0,0,0,France,1,VIP Customer
12524,9,8,4485.72,0,0,0,0,Germany,1,VIP Customer
12526,1,3,1316.66,0,0,0,0,Germany,2,Occasional but Reachable
12527,82,3,348.71000000000004,0,0,0,0,Germany,3,At-Risk
12528,9,6,1922.28,3,0,0,0,Germany,1,VIP Customer
12530,60,4,1623.6299999999999,2,0,0,0,Germany,0,Stable but Passive
12531,15,1,125.22,0,0,0,0,Germany,2,Occasional but Reachable
12532,30,1,349.83000000000004,0,0,0,0,France,2,Occasional but Reachable
12534,131,1,1089.18,0,0,0,0,Germany,3,At-Risk
12535,92,2,716.35,0,0,0,0,France,0,Stable but Passive
12536,59,1,4106.820000000001,9,0,5,0,France,0,Stable but Passive
12538,29,1,363.95,0,0,0,0,Spain,2,Occasional but Reachable
12539,22,4,3852.5000000000005,0,0,1,0,Spain,0,Stable but Passive
12540,20,17,13309.039999999999,3,0,0,0,Spain,1,VIP Customer
12541,30,3,981.18,0,0,0,0,Spain,0,Stable but Passive
12544,36,1,355.7,1,0,0,0,Spain,2,Occasional but Reachable
12545,75,2,1000.39,0,0,0,0,Spain,0,Stable but Passive
12546,47,2,1141.5,1,0,0,0,Spain,0,Stable but Passive
12547,198,2,207.79999999999998,0,0,0,0,Spain,3,At-Risk
12548,166,1,95.19999999999999,0,0,0,0,Spain,3,At-Risk
12550,79,1,964.83,0,0,0,0,Spain,3,At-Risk
12551,358,1,168.0,0,0,0,0,Spain,3,At-Risk
12552,39,2,437.82,0,0,0,0,Italy,2,Occasional but Reachable
12553,8,10,3652.25,5,0,0,0,France,1,VIP Customer
12556,50,2,599.56,0,0,0,0,Spain,0,Stable but Passive
12557,16,5,11990.960000000001,0,0,0,0,Spain,1,VIP Customer
12558,8,1,0.0,11,0,0,0,USA,2,Occasional but Reachable
12559,311,2,536.21,1,0,0,0,Germany,3,At-Risk
12560,5,3,2101.3900000000003,6,0,0,0,Germany,2,Occasional but Reachable
12561,303,1,238.85,0,0,0,0,Germany,3,At-Risk
12562,8,7,3781.7400000000002,0,0,0,0,France,1,VIP Customer
12564,261,1,456.9,0,0,0,0,France,3,At-Risk
12565,289,1,131.17,1,0,0,0,Saudi Arabia,3,At-Risk
12566,86,1,346.7,1,0,0,0,Germany,3,At-Risk
12567,23,10,9114.94,17,0,0,0,France,1,VIP Customer
12569,2,32,4064.99,3,0,0,0,Germany,1,VIP Customer
12571,40,2,519.61,0,0,0,0,France,2,Occasional but Reachable
12572,9,2,1004.7199999999999,2,0,0,0,Germany,2,Occasional but Reachable
12573,227,1,160.54000000000002,0,0,0,0,France,3,At-Risk
12574,316,1,218.45,0,0,0,0,France,3,At-Risk
12576,36,5,1306.98,1,0,0,0,Poland,0,Stable but Passive
12577,35,3,556.3,1,0,1,0,France,0,Stable but Passive
12578,21,2,2753.36,6,0,0,0,Italy,0,Stable but Passive
12579,78,1,410.72,2,0,0,0,France,3,At-Risk
12580,247,1,415.7,0,0,0,0,Germany,3,At-Risk
12581,40,1,197.71,0,0,0,0,Germany,3,At-Risk
12582,239,2,511.36,0,0,0,0,Finland,3,At-Risk
12583,3,15,7187.34,4,0,0,0,France,1,VIP Customer
12584,4,9,1893.95,30,0,0,0,Italy,1,VIP Customer
12585,234,2,1982.81,10,0,0,0,Germany,0,Stable but Passive
12586,17,1,179.94000000000003,1,0,0,0,Italy,2,Occasional but Reachable
12587,8,1,144.0,0,0,0,0,Finland,2,Occasional but Reachable
12588,39,1,214.89999999999998,0,0,0,0,Finland,3,At-Risk
12589,29,2,646.68,0,0,0,0,France,2,Occasional but Reachable
12590,211,2,9861.380000000001,2,0,0,0,Germany,0,Stable but Passive
12591,317,1,452.84999999999997,0,0,0,0,Italy,3,At-Risk
12592,92,2,437.6,0,0,0,0,Germany,3,At-Risk
12593,109,3,418.09999999999997,0,0,0,0,France,3,At-Risk
12594,38,10,3320.2200000000003,1,0,0,0,Italy,1,VIP Customer
12596,51,2,618.27,0,0,0,0,Spain,0,Stable but Passive
12597,19,4,3683.1299999999997,8,0,0,0,Spain,0,Stable but Passive
12598,10,8,3002.68,1,0,0,0,France,1,VIP Customer
12599,29,7,1032.58,0,0,0,0,France,0,Stable but Passive
12600,29,10,2581.04,1,0,0,0,Germany,1,VIP Customer
12601,190,5,569.5600000000001,1,0,0,0,Germany,0,Stable but Passive
12602,59,1,153.12,0,0,0,0,France,3,At-Risk
12603,22,1,739.1999999999999,0,0,1,0,Germany,2,Occasional but Reachable
12604,79,2,254.18,0,0,0,0,France,3,At-Risk
12607,60,1,0.0,101,0,0,0,USA,3,At-Risk
12609,78,3,1126.85,0,0,0,0,Germany,0,Stable but Passive
12610,23,5,2057.99,5,0,0,0,Italy,0,Stable but Passive
12611,52,1,1193.32,0,0,0,0,Italy,0,Stable but Passive
12612,74,1,643.59,2,0,0,0,Germany,3,At-Risk
12613,57,5,3218.98,10,0,0,0,Germany,0,Stable but Passive
12614,278,1,315.6,0,0,0,0,Germany,3,At-Risk
12615,2,4,2291.19,0,0,0,0,France,1,VIP Customer
12616,95,2,657.25,4,0,0,0,France,3,At-Risk
12617,29,1,352.98,0,0,0,0,France,2,Occasional but Reachable
12618,22,1,177.31,0,0,0,0,Italy,2,Occasional but Reachable
12619,16,8,3214.81,4,0,2,0,Germany,1,VIP Customer
12620,15,3,1339.41,0,0,0,0,France,0,Stable but Passive
12621,2,20,13612.07,7,0,0,0,Germany,1,VIP Customer
12622,232,1,180.1,0,0,0,0,Germany,3,At-Risk
12623,276,1,305.1,0,0,0,0,Germany,3,At-Risk
12624,106,2,641.13,0,0,0,0,France,3,At-Risk
12625,212,2,2614.32,5,0,0,0,Germany,0,Stable but Passive
12626,23,9,6388.349999999999,13,0,0,0,Germany,1,VIP Customer
12627,11,7,4478.53,0,0,0,0,Germany,1,VIP Customer
12628,4,3,769.61,2,0,0,0,Germany,2,Occasional but Reachable
12630,10,2,1270.88,0,0,0,0,Finland,2,Occasional but Reachable
12631,57,1,640.5,0,0,0,0,Finland,3,At-Risk
12633,59,4,2140.63,2,0,0,0,Germany,0,Stable but Passive
12635,90,2,1689.18,0,0,0,0,Germany,0,Stable but Passive
12637,67,8,5934.25,4,0,0,0,France,0,Stable but Passive
12638,33,1,671.69,0,0,0,0,Sweden,2,Occasional but Reachable
12639,239,1,486.1,0,0,0,0,Sweden,3,At-Risk
12640,24,3,1174.58,0,0,0,0,France,0,Stable but Passive
12641,115,1,185.9,0,0,0,0,Sweden,3,At-Risk
12642,25,3,1013.26,0,0,0,0,Germany,0,Stable but Passive
12643,128,6,3344.64,0,0,0,0,France,0,Stable but Passive
12644,130,1,477.91,0,0,0,0,Germany,3,At-Risk
12645,34,4,1755.38,1,0,0,0,Germany,0,Stable but Passive
12646,5,2,1346.97,0,0,0,0,USA,2,Occasional but Reachable
12647,22,12,3669.92,6,0,0,0,Germany,1,VIP Customer
12648,155,1,318.05,0,0,0,0,Germany,3,At-Risk
12649,107,3,603.71,2,0,0,0,Germany,0,Stable but Passive
12650,3,1,314.44,0,0,0,0,France,2,Occasional but Reachable
12651,335,1,114.0,0,0,0,0,France,3,At-Risk
12652,331,1,914.53,3,0,0,0,France,3,At-Risk
12653,149,2,2209.85,0,0,0,0,Israel,0,Stable but Passive
12654,11,5,601.98,0,0,0,0,Germany,2,Occasional but Reachable
12656,17,5,3982.7200000000003,4,0,0,0,France,1,VIP Customer
12657,11,4,1152.06,9,0,0,0,France,2,Occasional but Reachable
12658,19,1,686.05,0,0,0,0,Germany,2,Occasional but Reachable
12659,30,1,91.68,0,0,0,0,France,3,At-Risk
12660,11,1,245.1,0,0,0,0,France,2,Occasional but Reachable
12662,1,11,3817.0800000000004,2,0,0,0,Germany,1,VIP Customer
12664,8,9,4863.88,1,0,0,0,Finland,1,VIP Customer
12665,325,1,61.75,1,0,0,0,Germany,3,At-Risk
12667,58,1,620.13,0,0,0,0,Finland,3,At-Risk
12668,12,4,3743.1800000000003,7,0,0,0,Germany,1,VIP Customer
12669,151,2,1607.73,0,0,2,0,France,0,Stable but Passive
12670,10,5,2986.15,2,0,0,0,France,1,VIP Customer
12672,330,1,225.89999999999998,0,0,0,0,France,3,At-Risk
12673,5,2,610.52,0,0,0,0,Germany,2,Occasional but Reachable
12674,39,4,1922.26,7,0,0,0,France,0,Stable but Passive
12676,25,6,1331.39,0,0,0,0,Sweden,0,Stable but Passive
12678,42,12,17588.26,2,0,0,0,France,1,VIP Customer
12679,59,4,1058.67,8,0,0,0,France,0,Stable but Passive
12680,1,4,862.81,0,0,0,0,France,2,Occasional but Reachable
12681,15,22,13677.59,8,0,0,0,France,1,VIP Customer
12682,4,31,12279.82,0,0,0,0,France,1,VIP Customer
12683,4,15,8221.09,18,0,0,0,France,1,VIP Customer
12684,8,6,2223.63,0,0,1,0,France,1,VIP Customer
12685,28,6,2863.08,0,0,0,0,France,0,Stable but Passive
12686,372,1,89.14,0,0,0,0,France,3,At-Risk
12688,114,1,4873.8099999999995,0,0,0,0,Israel,0,Stable but Passive
12689,26,2,1247.61,0,0,0,0,France,0,Stable but Passive
12690,206,1,389.01,0,0,0,0,France,3,At-Risk
12691,28,6,1035.8,0,0,0,0,France,0,Stable but Passive
12693,127,4,830.9599999999999,2,0,0,0,Germany,0,Stable but Passive
12694,70,2,869.67,0,0,0,0,France,0,Stable but Passive
12695,7,4,582.1,0,0,0,0,France,2,Occasional but Reachable
12697,29,3,939.02,2,0,0,0,Sweden,0,Stable but Passive
12700,8,4,4867.99,2,0,0,0,France,1,VIP Customer
12701,80,2,797.71,0,0,0,0,Germany,0,Stable but Passive
12702,20,1,219.0,0,0,0,0,Germany,2,Occasional but Reachable
12703,71,1,274.7,1,0,0,0,Germany,3,At-Risk
12704,7,8,2220.84,2,0,0,0,Finland,1,VIP Customer
12705,15,9,6814.24,14,0,0,0,Germany,1,VIP Customer
12707,292,1,603.42,0,0,0,0,France,3,At-Risk
12708,30,10,2616.3199999999997,17,0,0,0,Germany,1,VIP Customer
12709,15,15,9264.1,48,0,1,0,Germany,1,VIP Customer
12710,97,3,1130.57,2,0,0,0,Germany,0,Stable but Passive
12712,29,13,4241.63,9,0,0,0,Germany,1,VIP Customer
12713,1,1,848.55,0,0,0,0,Germany,2,Occasional but Reachable
12714,9,5,4708.86,0,0,0,0,France,1,VIP Customer
12715,106,1,343.36,0,0,0,0,Sweden,3,At-Risk
12716,4,2,1053.49,0,0,0,0,France,2,Occasional but Reachable
12717,151,2,980.98,1,0,0,0,Greece,0,Stable but Passive
12718,71,1,238.25,0,0,0,0,France,3,At-Risk
12719,5,2,608.1,3,0,0,0,France,2,Occasional but Reachable
12720,3,25,5713.28,5,0,0,0,Germany,1,VIP Customer
12721,32,6,2628.98,3,0,0,0,France,0,Stable but Passive
12722,85,4,904.33,4,0,0,0,France,0,Stable but Passive
12723,4,5,725.07,0,0,0,0,France,2,Occasional but Reachable
12724,5,4,1031.41,0,0,0,0,France,2,Occasional but Reachable
12725,371,1,427.8,0,0,0,0,Italy,3,At-Risk
12726,28,7,2609.1,0,0,0,0,France,0,Stable but Passive
12727,11,7,3947.7,2,0,0,0,France,1,VIP Customer
12728,71,4,836.33,0,0,0,0,France,0,Stable but Passive
12729,114,1,453.01,0,0,0,0,France,3,At-Risk
12731,24,12,18793.41,3,0,0,0,France,1,VIP Customer
12732,180,1,236.26000000000002,0,0,0,0,France,3,At-Risk
12733,234,1,383.95,0,0,0,0,USA,3,At-Risk
12734,353,1,110.39999999999999,0,0,0,0,France,3,At-Risk
12735,315,2,779.5699999999999,0,0,0,0,France,3,At-Risk
12736,333,1,234.0,0,0,0,0,France,3,At-Risk
12738,372,1,155.35,0,0,0,0,Germany,3,At-Risk
12739,78,2,1013.04,0,0,0,0,United Arab Emirates,0,Stable but Passive
12740,64,1,427.6,0,0,0,0,France,3,At-Risk
12743,134,2,540.13,0,0,0,0,Unspecified,3,At-Risk
12744,56,4,9120.39,0,0,14,0,Singapore,0,Stable but Passive
12747,2,11,4196.01,0,0,0,0,United Kingdom,1,VIP Customer
12748,1,206,28405.559999999998,44,0,17,0,United Kingdom,1,VIP Customer
12749,4,5,3868.2000000000003,32,0,0,0,United Kingdom,1,VIP Customer
12750,129,1,275.88,0,0,0,0,Poland,3,At-Risk
12752,81,1,4366.78,0,0,0,0,Norway,0,Stable but Passive
12753,23,6,21024.01,33,0,0,0,Japan,1,VIP Customer
12754,236,3,2949.12,0,0,2,0,Japan,0,Stable but Passive
12755,281,2,2203.2,1,0,1,0,Japan,0,Stable but Passive
12756,87,1,112.07999999999998,0,0,0,0,Japan,3,At-Risk
12757,16,9,4205.25,1,0,10,0,Portugal,1,VIP Customer
12758,117,2,2791.59,0,0,0,0,Portugal,0,Stable but Passive
12759,52,3,1531.44,0,0,0,0,Netherlands,0,Stable but Passive
12762,8,2,1898.52,0,0,0,0,Portugal,2,Occasional but Reachable
12763,138,2,494.08,0,0,0,0,Japan,3,At-Risk
12764,317,1,1693.88,0,0,0,0,Lebanon,3,At-Risk
12766,4,7,6989.63,0,0,0,0,Portugal,1,VIP Customer
12769,239,1,1143.6,0,0,0,0,Brazil,3,At-Risk
12770,211,1,1351.45,0,0,0,0,Japan,3,At-Risk
12772,60,1,892.47,0,0,0,0,Portugal,3,At-Risk
12775,17,5,1351.24,1,0,0,0,Netherlands,0,Stable but Passive
12778,20,6,804.23,1,0,0,0,Netherlands,0,Stable but Passive
12779,38,8,3868.7000000000003,10,0,0,0,Poland,1,VIP Customer
12781,64,2,707.72,5,0,0,0,Czech Republic,0,Stable but Passive
12782,5,5,2273.32,4,0,0,0,Portugal,1,VIP Customer
12783,2,4,1603.8700000000001,0,0,4,0,Portugal,1,VIP Customer
12784,9,2,532.8199999999999,0,0,0,0,Portugal,2,Occasional but Reachable
12785,364,1,305.71,1,0,0,0,Portugal,3,At-Risk
12787,10,3,463.66,0,0,0,0,Netherlands,2,Occasional but Reachable
12789,65,1,91.85,0,0,0,0,Netherlands,3,At-Risk
12790,192,1,324.92,0,0,0,0,Netherlands,3,At-Risk
12791,374,1,192.60000000000002,0,0,0,0,Netherlands,3,At-Risk
12792,257,1,400.53999999999996,0,0,0,0,Portugal,3,At-Risk
12793,335,2,545.48,0,0,0,0,Portugal,3,At-Risk
12794,53,2,860.41,0,0,0,0,Portugal,0,Stable but Passive
12795,19,1,430.48,0,0,0,0,Portugal,2,Occasional but Reachable
12797,366,1,194.18,4,0,0,0,Portugal,3,At-Risk
12798,10,3,6977.04,0,0,0,0,Japan,1,VIP Customer
12802,187,1,412.58,1,0,0,0,Netherlands,3,At-Risk
12808,37,3,483.65000000000003,0,0,0,0,Portugal,2,Occasional but Reachable
12809,178,1,484.36,1,0,0,0,Portugal,3,At-Risk
12811,261,3,514.85,0,0,0,0,Portugal,3,At-Risk
12812,45,1,229.64000000000001,0,0,0,0,Japan,3,At-Risk
12814,102,1,125.92,0,0,0,0,Poland,3,At-Risk
12815,148,2,1063.46,0,0,0,0,Poland,0,Stable but Passive
12816,96,2,572.2,0,0,0,0,Poland,3,At-Risk
12817,281,1,166.04,0,0,0,0,Austria,3,At-Risk
12818,262,1,1517.8799999999999,2,0,0,0,Austria,3,At-Risk
12820,3,4,942.34,0,0,0,0,United Kingdom,2,Occasional but Reachable
12821,214,1,92.72,0,0,0,0,United Kingdom,3,At-Risk
12822,71,2,918.98,1,0,0,0,United Kingdom,0,Stable but Passive
12823,75,5,1759.5,0,0,0,0,United Kingdom,0,Stable but Passive
12824,60,1,397.12,0,0,0,0,United Kingdom,3,At-Risk
12826,3,7,1468.1200000000001,3,0,0,0,United Kingdom,1,VIP Customer
12827,6,3,430.15000000000003,0,0,0,0,United Kingdom,2,Occasional but Reachable
12828,3,6,1018.71,0,0,0,0,United Kingdom,1,VIP Customer
12829,337,2,253.05,1,0,0,0,United Kingdom,3,At-Risk
12830,38,6,6748.400000000001,0,1,0,0,United Kingdom,1,VIP Customer
12831,262,1,215.05,0,0,0,0,United Kingdom,3,At-Risk
12832,32,2,383.03,0,0,0,0,United Kingdom,2,Occasional but Reachable
12833,145,1,417.38,0,0,0,0,United Kingdom,3,At-Risk
12834,283,1,312.38,0,0,0,0,United Kingdom,3,At-Risk
12836,59,4,2610.36,0,0,0,0,United Kingdom,0,Stable but Passive
12837,173,1,134.1,0,0,0,0,United Kingdom,3,At-Risk
12838,34,2,671.95,0,0,0,0,United Kingdom,2,Occasional but Reachable
12839,3,14,5583.62,2,0,0,0,United Kingdom,1,VIP Customer
12840,144,4,2714.27,3,0,0,0,United Kingdom,0,Stable but Passive
12841,5,25,3845.63,19,0,0,0,United Kingdom,1,VIP Customer
12842,70,2,1118.99,0,0,0,0,United Kingdom,0,Stable but Passive
12843,66,8,1680.76,5,0,0,0,United Kingdom,0,Stable but Passive
12844,29,2,325.96000000000004,0,0,0,0,United Kingdom,2,Occasional but Reachable
12845,267,4,354.09,0,0,0,0,United Kingdom,3,At-Risk
12847,22,1,843.64,0,0,0,0,United Kingdom,2,Occasional but Reachable
12849,31,2,975.01,0,0,2,0,United Kingdom,0,Stable but Passive
12851,97,1,131.81,0,0,0,0,United Kingdom,3,At-Risk
12852,295,1,299.75,3,0,0,0,United Kingdom,3,At-Risk
12853,135,6,1881.7,6,0,0,0,United Kingdom,0,Stable but Passive
12854,79,3,1280.9,5,0,0,0,United Kingdom,0,Stable but Passive
12855,373,1,38.1,0,0,0,0,United Kingdom,3,At-Risk
12856,8,6,2153.53,3,0,0,0,United Kingdom,1,VIP Customer
12857,211,2,1106.4,0,0,0,0,United Kingdom,0,Stable but Passive
12863,52,1,504.20000000000005,1,0,0,0,United Kingdom,3,At-Risk
12864,138,1,147.12,0,0,0,0,United Kingdom,3,At-Risk
12865,26,2,1548.07,1,0,0,0,Austria,0,Stable but Passive
12866,283,1,559.12,0,0,0,0,Belgium,3,At-Risk
12867,26,7,3958.7400000000002,12,0,1,0,United Kingdom,1,VIP Customer
12868,186,6,1607.0600000000002,0,0,0,0,United Kingdom,0,Stable but Passive
12871,84,2,380.64,0,0,0,0,United Kingdom,3,At-Risk
12872,327,2,599.97,0,0,0,0,United Kingdom,3,At-Risk
12873,282,1,374.0,0,0,0,0,United Kingdom,3,At-Risk
12875,143,2,343.2300000000001,0,0,0,0,United Kingdom,3,At-Risk
12876,58,2,2218.02,0,0,0,0,Belgium,0,Stable but Passive
12877,4,12,1535.77,0,0,0,0,United Kingdom,1,VIP Customer
12878,236,2,841.64,2,0,0,0,United Kingdom,3,At-Risk
12879,45,3,552.57,2,0,0,0,United Kingdom,0,Stable but Passive
12881,276,1,298.0,0,0,0,0,United Kingdom,3,At-Risk
12882,9,2,1463.04,0,0,0,0,United Kingdom,2,Occasional but Reachable
12883,25,4,703.47,0,0,0,0,United Kingdom,0,Stable but Passive
12884,88,1,309.05,0,0,0,0,United Kingdom,3,At-Risk
12885,63,3,1158.27,1,0,0,0,United Kingdom,0,Stable but Passive
12886,68,2,1351.0900000000001,4,0,0,0,United Kingdom,0,Stable but Passive
12888,214,2,313.77,2,0,0,0,United Kingdom,3,At-Risk
12890,24,1,376.71999999999997,0,0,0,0,United Kingdom,2,Occasional but Reachable
12891,186,3,331.0,0,0,0,0,United Kingdom,3,At-Risk
12893,31,1,176.55,0,0,0,0,United Kingdom,2,Occasional but Reachable
12895,42,2,347.3,2,0,0,0,United Kingdom,2,Occasional but Reachable
12897,205,2,216.5,0,0,0,0,United Kingdom,3,At-Risk
12901,9,28,16293.1,7,1,1,0,United Kingdom,1,VIP Customer
12902,265,1,138.68,0,0,0,0,United Kingdom,3,At-Risk
12904,18,2,496.06,0,0,0,0,United Kingdom,2,Occasional but Reachable
12906,12,5,2919.81,0,0,0,0,United Kingdom,1,VIP Customer
12908,176,2,246.0,1,0,1,0,United Kingdom,3,At-Risk
12909,40,5,2128.83,5,0,0,0,United Kingdom,0,Stable but Passive
12910,23,8,3075.04,0,0,0,0,United Kingdom,1,VIP Customer
12912,3,5,1662.3,0,0,0,0,United Kingdom,1,VIP Customer
12913,5,5,2483.63,0,0,0,0,United Kingdom,1,VIP Customer
12915,149,2,363.65,0,0,0,0,United Kingdom,3,At-Risk
12916,139,4,2921.1499999999996,2,0,0,0,United Kingdom,0,Stable but Passive
12917,128,1,594.0,0,0,0,0,United Kingdom,3,At-Risk
12919,8,6,1301.44,2,0,0,0,United Kingdom,1,VIP Customer
12920,17,1,162.78,0,0,0,0,United Kingdom,2,Occasional but Reachable
12921,9,37,16389.74,21,0,0,0,United Kingdom,1,VIP Customer
12922,161,1,405.38,0,0,0,0,United Kingdom,3,At-Risk
12923,64,1,170.32,0,0,1,0,United Kingdom,3,At-Risk
12924,88,4,914.05,1,0,1,0,United Kingdom,0,Stable but Passive
12925,5,2,694.05,0,0,0,0,United Kingdom,2,Occasional but Reachable
12928,35,5,2062.7000000000003,0,0,0,0,United Kingdom,0,Stable but Passive
12929,312,1,105.1,1,0,0,0,United Kingdom,3,At-Risk
12930,78,2,409.90000000000003,2,0,0,0,United Kingdom,3,At-Risk
12931,22,15,33462.81,19,0,1,0,United Kingdom,1,VIP Customer
12933,24,3,606.28,1,0,0,0,United Kingdom,2,Occasional but Reachable
12935,2,7,2156.45,1,0,0,0,United Kingdom,1,VIP Customer
12936,17,4,1012.9000000000001,1,0,0,0,United Kingdom,0,Stable but Passive
12937,15,4,1504.27,0,0,0,0,United Kingdom,0,Stable but Passive
12938,26,1,114.14,0,0,0,0,United Kingdom,2,Occasional but Reachable
12939,64,8,11581.8,0,0,0,0,United Kingdom,1,VIP Customer
12940,55,2,862.44,4,0,0,0,United Kingdom,0,Stable but Passive
12942,131,3,675.6,0,0,0,0,United Kingdom,0,Stable but Passive
12944,36,2,604.51,0,0,0,0,United Kingdom,2,Occasional but Reachable
12945,288,1,462.95,0,0,0,0,United Kingdom,3,At-Risk
12947,144,6,1407.29,6,0,0,0,United Kingdom,0,Stable but Passive
12948,16,7,2053.7,2,0,0,0,United Kingdom,1,VIP Customer
12949,31,8,4143.02,4,0,0,0,United Kingdom,1,VIP Customer
12950,2,3,1843.0,0,0,0,0,United Kingdom,2,Occasional but Reachable
12951,9,6,1042.07,2,0,0,0,United Kingdom,1,VIP Customer
12952,6,4,1382.84,1,0,0,0,United Kingdom,2,Occasional but Reachable
12953,10,1,329.85,0,0,0,0,United Kingdom,2,Occasional but Reachable
12955,1,11,4734.26,3,0,0,0,United Kingdom,1,VIP Customer
12956,306,1,108.07,0,0,0,0,United Kingdom,3,At-Risk
12957,10,8,3979.04,6,0,0,0,United Kingdom,1,VIP Customer
12962,7,2,266.39,0,0,0,0,United Kingdom,2,Occasional but Reachable
12963,8,8,1841.0300000000002,0,0,1,0,United Kingdom,1,VIP Customer
12965,89,1,769.8100000000001,0,0,0,0,United Kingdom,3,At-Risk
12966,10,1,160.18,0,0,0,0,United Kingdom,2,Occasional but Reachable
12967,358,2,1194.75,14,0,0,0,United Kingdom,3,At-Risk
12968,112,1,135.95,0,0,0,0,United Kingdom,3,At-Risk
12970,7,4,405.47,0,0,0,0,United Kingdom,2,Occasional but Reachable
12971,4,86,10930.26,3,0,0,0,United Kingdom,1,VIP Customer
12974,198,1,144.8,0,0,0,0,United Kingdom,3,At-Risk
12976,212,1,738.6,0,0,0,0,United Kingdom,3,At-Risk
12977,156,1,39.239999999999995,0,0,0,0,United Kingdom,3,At-Risk
12980,158,9,7092.06,4,0,0,0,United Kingdom,0,Stable but Passive
12981,30,2,372.21999999999997,0,0,0,0,United Kingdom,2,Occasional but Reachable
12982,243,1,377.20000000000005,6,0,0,0,United Kingdom,3,At-Risk
12984,19,1,97.5,0,0,0,0,United Kingdom,2,Occasional but Reachable
12985,1,2,1215.6200000000001,2,0,0,0,United Kingdom,2,Occasional but Reachable
12987,74,2,545.0,2,0,0,0,United Kingdom,3,At-Risk
12988,292,1,505.82,0,0,0,0,United Kingdom,3,At-Risk
12989,3,15,6854.51,4,0,0,0,United Kingdom,1,VIP Customer
12990,31,3,409.5,0,0,0,0,United Kingdom,2,Occasional but Reachable
12991,23,2,503.76,0,0,0,0,United Kingdom,2,Occasional but Reachable
12993,23,4,414.76,0,0,0,0,United Kingdom,2,Occasional but Reachable
12994,4,3,902.22,12,0,0,0,United Kingdom,2,Occasional but Reachable
12995,85,1,200.72,2,0,0,0,United Kingdom,3,At-Risk
12997,22,4,1197.94,8,0,0,0,United Kingdom,0,Stable but Passive
12999,196,3,455.88,0,0,0,0,United Kingdom,3,At-Risk
13000,107,3,534.85,0,0,0,0,United Kingdom,0,Stable but Passive
13001,4,13,9765.070000000002,3,0,0,0,United Kingdom,1,VIP Customer
13002,318,1,120.94999999999999,0,0,0,0,United Kingdom,3,At-Risk
13003,106,3,149.05,0,0,0,0,United Kingdom,3,At-Risk
13004,12,18,5613.43,5,0,0,0,United Kingdom,1,VIP Customer
13005,174,2,468.95000000000005,3,0,0,0,United Kingdom,3,At-Risk
13006,56,1,81.57,0,0,0,0,United Kingdom,3,At-Risk
13008,323,1,178.46999999999997,1,0,0,0,United Kingdom,3,At-Risk
13011,372,1,50.550000000000004,0,0,0,0,United Kingdom,3,At-Risk
13012,9,8,1296.6200000000003,17,0,1,0,United Kingdom,1,VIP Customer
13013,1,13,4786.990000000001,3,0,0,0,United Kingdom,1,VIP Customer
13014,11,10,3365.43,14,0,0,0,United Kingdom,1,VIP Customer
13015,53,5,3339.64,0,0,0,0,United Kingdom,0,Stable but Passive
13016,73,3,789.89,0,0,0,0,United Kingdom,0,Stable but Passive
13017,7,1,204.0,0,0,0,0,United Kingdom,2,Occasional but Reachable
13018,16,28,7272.75,1,0,0,0,United Kingdom,1,VIP Customer
13021,4,9,2584.4,3,0,0,0,United Kingdom,1,VIP Customer
13023,64,2,689.9,0,0,0,0,United Kingdom,0,Stable but Passive
13026,1,5,936.15,3,0,0,0,United Kingdom,1,VIP Customer
13027,114,6,6912.0,0,0,0,0,United Kingdom,0,Stable but Passive
13028,23,2,659.68,2,0,0,0,United Kingdom,2,Occasional but Reachable
13029,31,3,1247.5,0,0,0,0,United Kingdom,0,Stable but Passive
13030,11,2,752.4399999999999,0,0,0,0,United Kingdom,2,Occasional but Reachable
13032,52,2,996.52,4,0,0,0,United Kingdom,0,Stable but Passive
13033,357,1,190.55,0,0,0,0,United Kingdom,3,At-Risk
13034,55,2,642.77,0,0,0,0,United Kingdom,0,Stable but Passive
13035,74,2,886.63,3,0,0,0,United Kingdom,0,Stable but Passive
13037,138,3,881.07,0,0,0,0,United Kingdom,0,Stable but Passive
13038,80,3,908.46,0,0,0,0,United Kingdom,0,Stable but Passive
13040,9,2,676.99,0,0,0,0,United Kingdom,2,Occasional but Reachable
13043,273,1,471.56999999999994,1,0,0,0,United Kingdom,3,At-Risk
13044,291,1,560.47,0,0,0,0,United Kingdom,3,At-Risk
13045,99,1,305.28000000000003,0,0,0,0,United Kingdom,3,At-Risk
13046,31,2,629.31,0,0,0,0,United Kingdom,2,Occasional but Reachable
13047,57,9,3079.1000000000004,23,0,2,0,United Kingdom,0,Stable but Passive
13048,14,4,1789.41,1,0,0,0,United Kingdom,0,Stable but Passive
13049,64,2,656.6800000000001,0,0,0,0,United Kingdom,0,Stable but Passive
13050,15,17,5677.11,19,0,1,0,United Kingdom,1,VIP Customer
13052,212,1,348.15000000000003,0,0,0,0,United Kingdom,3,At-Risk
13055,78,3,1201.96,2,0,0,0,United Kingdom,0,Stable but Passive
13058,25,3,271.40000000000003,0,0,0,0,United Kingdom,2,Occasional but Reachable
13059,250,1,183.4,0,0,0,0,United Kingdom,3,At-Risk
13060,254,1,307.53,0,0,0,0,United Kingdom,3,At-Risk
13061,72,1,248.61,0,0,0,0,United Kingdom,3,At-Risk
13062,191,1,346.98,0,0,0,0,United Kingdom,3,At-Risk
13064,13,4,1105.59,0,0,0,0,United Kingdom,0,Stable but Passive
13065,373,1,205.86,0,0,0,0,United Kingdom,3,At-Risk
13066,24,2,430.90000000000003,1,0,0,0,United Kingdom,2,Occasional but Reachable
13067,82,1,115.46000000000001,0,0,0,0,United Kingdom,3,At-Risk
13068,10,2,344.0,0,0,0,0,United Kingdom,2,Occasional but Reachable
13069,1,24,3713.1399999999994,45,0,0,0,United Kingdom,1,VIP Customer
13070,192,1,228.8,0,0,0,0,United Kingdom,3,At-Risk
13072,267,1,177.15,0,0,0,0,United Kingdom,3,At-Risk
13075,130,1,919.61,0,0,0,0,United Kingdom,3,At-Risk
13077,1,4,728.02,0,0,0,0,United Kingdom,2,Occasional but Reachable
13078,3,26,12432.28,22,0,0,0,United Kingdom,1,VIP Customer
13079,4,5,220.10000000000002,0,0,0,0,United Kingdom,2,Occasional but Reachable
13080,179,1,58.08,0,0,0,0,United Kingdom,3,At-Risk
13081,12,11,27964.48,33,0,0,0,United Kingdom,1,VIP Customer
13082,126,9,3595.48,2,0,0,0,United Kingdom,0,Stable but Passive
13083,4,2,303.75,0,0,0,0,United Kingdom,2,Occasional but Reachable
13085,158,2,272.38000000000005,7,0,0,0,United Kingdom,3,At-Risk
13089,3,97,57322.130000000005,39,0,0,0,United Kingdom,1,VIP Customer
13090,9,13,8659.39,6,0,1,0,United Kingdom,1,VIP Customer
13091,28,1,319.82,3,0,0,0,United Kingdom,2,Occasional but Reachable
13092,71,5,459.83,1,0,0,0,United Kingdom,0,Stable but Passive
13093,276,8,7741.47,11,0,0,0,United Kingdom,0,Stable but Passive
13094,21,12,1708.8600000000001,6,0,0,0,United Kingdom,1,VIP Customer
13095,71,1,74.39999999999999,0,0,0,0,United Kingdom,3,At-Risk
13097,33,10,5886.120000000001,13,0,1,0,United Kingdom,1,VIP Customer
13098,1,28,28658.879999999997,33,0,0,0,United Kingdom,1,VIP Customer
13099,99,1,207.35999999999999,0,0,0,0,United Kingdom,3,At-Risk
13101,234,1,101.19,0,0,0,0,United Kingdom,3,At-Risk
13102,1,24,6336.29,6,0,0,0,United Kingdom,1,VIP Customer
13103,40,1,243.94,0,0,0,0,United Kingdom,3,At-Risk
13104,3,6,1098.48,0,0,0,0,United Kingdom,1,VIP Customer
13106,133,1,59.5,1,0,0,0,United Kingdom,3,At-Risk
13107,44,4,1524.0700000000002,2,0,0,0,United Kingdom,0,Stable but Passive
13108,373,1,350.06,0,0,0,0,United Kingdom,3,At-Risk
13109,60,2,766.8399999999999,3,0,0,0,United Kingdom,0,Stable but Passive
13110,31,7,1452.8700000000001,1,0,0,0,United Kingdom,0,Stable but Passive
13113,1,24,10510.000000000002,78,0,1,0,United Kingdom,1,VIP Customer
13115,12,4,2205.63,12,0,0,0,United Kingdom,0,Stable but Passive
13116,138,1,485.19,1,0,0,0,United Kingdom,3,At-Risk
13117,22,8,984.91,0,0,0,0,United Kingdom,0,Stable but Passive
13118,20,5,1125.0,3,0,0,0,United Kingdom,0,Stable but Passive
13120,239,1,30.599999999999998,0,0,0,0,United Kingdom,3,At-Risk
13121,269,1,254.73000000000002,3,0,0,0,United Kingdom,3,At-Risk
13122,94,2,922.39,0,0,0,0,United Kingdom,0,Stable but Passive
13124,90,3,3756.33,0,0,0,0,United Kingdom,0,Stable but Passive
13126,5,8,2056.29,2,0,0,0,United Kingdom,1,VIP Customer
13127,78,1,259.17,0,0,0,0,United Kingdom,3,At-Risk
13130,94,1,64.0,0,0,0,0,United Kingdom,3,At-Risk
13131,23,3,1039.3,2,0,0,0,United Kingdom,0,Stable but Passive
13132,262,1,77.3,0,0,0,0,United Kingdom,3,At-Risk
13133,274,2,109.8,0,0,0,0,United Kingdom,3,At-Risk
13134,86,4,1740.6299999999999,7,0,0,0,United Kingdom,0,Stable but Passive
13135,197,1,3096.0,0,0,0,0,United Kingdom,0,Stable but Passive
13136,56,5,2545.38,12,0,0,0,United Kingdom,0,Stable but Passive
13137,11,8,3557.96,0,1,0,0,United Kingdom,1,VIP Customer
13138,22,6,962.39,0,0,0,0,United Kingdom,0,Stable but Passive
13139,16,7,5055.79,4,0,0,0,United Kingdom,1,VIP Customer
13140,108,3,422.47,0,0,0,0,United Kingdom,3,At-Risk
13141,85,5,2385.8,1,0,0,0,United Kingdom,0,Stable but Passive
13142,19,1,307.09,0,0,0,0,United Kingdom,2,Occasional but Reachable
13144,333,1,110.95,0,0,0,0,United Kingdom,3,At-Risk
13145,40,4,614.77,1,0,0,0,United Kingdom,0,Stable but Passive
13146,26,1,228.91,0,0,0,0,United Kingdom,2,Occasional but Reachable
13147,10,4,712.8000000000001,0,0,0,0,United Kingdom,2,Occasional but Reachable
13148,29,12,3324.6200000000003,28,0,0,0,United Kingdom,1,VIP Customer
13149,14,4,1676.06,0,0,0,0,United Kingdom,0,Stable but Passive
13151,296,1,1250.3700000000001,1,0,0,0,United Kingdom,3,At-Risk
13153,6,1,486.22,0,0,0,0,United Kingdom,2,Occasional but Reachable
13155,33,4,971.76,0,0,0,0,United Kingdom,0,Stable but Passive
13157,49,4,1721.57,2,0,0,0,United Kingdom,0,Stable but Passive
13158,95,4,1201.06,0,0,0,0,United Kingdom,0,Stable but Passive
13159,9,4,1371.25,1,0,0,0,United Kingdom,2,Occasional but Reachable
13160,22,1,91.8,0,0,0,0,United Kingdom,2,Occasional but Reachable
13161,313,1,112.75,0,0,0,0,United Kingdom,3,At-Risk
13162,122,4,1644.99,3,0,0,0,United Kingdom,0,Stable but Passive
13165,46,2,1021.48,0,0,0,0,United Kingdom,0,Stable but Passive
13166,283,1,414.7,1,0,0,0,United Kingdom,3,At-Risk
13167,19,4,767.33,0,0,1,0,United Kingdom,0,Stable but Passive
13168,36,4,1290.54,2,0,0,0,United Kingdom,0,Stable but Passive
13169,64,2,712.88,0,0,0,0,United Kingdom,0,Stable but Passive
13170,27,1,108.81,0,0,0,0,United Kingdom,2,Occasional but Reachable
13171,22,3,426.81,2,0,0,0,United Kingdom,2,Occasional but Reachable
13173,4,2,353.65,0,0,0,0,United Kingdom,2,Occasional but Reachable
13174,16,3,2734.82,0,0,1,0,United Kingdom,0,Stable but Passive
13176,46,1,481.49,0,0,0,0,United Kingdom,3,At-Risk
13177,65,1,282.45,0,0,0,0,United Kingdom,3,At-Risk
13178,26,11,5725.47,0,0,0,0,United Kingdom,1,VIP Customer
13182,45,1,121.18,0,0,0,0,United Kingdom,3,At-Risk
13183,8,9,3957.78,0,0,0,0,United Kingdom,1,VIP Customer
13184,15,10,1614.45,2,0,1,0,United Kingdom,1,VIP Customer
13185,268,1,71.4,0,0,0,0,United Kingdom,3,At-Risk
13186,40,3,1539.69,5,0,0,0,United Kingdom,0,Stable but Passive
13187,337,1,236.02,0,0,0,0,United Kingdom,3,At-Risk
13188,11,1,114.60000000000001,0,0,0,0,United Kingdom,2,Occasional but Reachable
13189,19,2,260.68,0,0,0,0,United Kingdom,2,Occasional but Reachable
13192,95,2,911.94,0,0,0,0,United Kingdom,0,Stable but Passive
13193,61,1,112.08,0,0,0,0,United Kingdom,3,At-Risk
13194,136,1,60.7,0,0,0,0,United Kingdom,3,At-Risk
13196,11,4,1797.78,0,0,0,0,United Kingdom,0,Stable but Passive
13198,10,6,3384.09,3,0,0,0,United Kingdom,1,VIP Customer
13199,4,37,9773.960000000001,1,0,1,0,United Kingdom,1,VIP Customer
13200,19,4,870.09,0,0,0,0,United Kingdom,0,Stable but Passive
13203,10,4,869.46,0,0,0,0,United Kingdom,2,Occasional but Reachable
13207,15,2,250.26000000000002,0,0,0,0,United Kingdom,2,Occasional but Reachable
13208,59,5,1186.69,0,0,3,0,United Kingdom,0,Stable but Passive
13209,30,8,5820.16,8,0,0,0,United Kingdom,1,VIP Customer
13210,94,1,353.48,0,0,0,0,United Kingdom,3,At-Risk
13211,10,3,1095.42,0,0,0,0,United Kingdom,2,Occasional but Reachable
13212,20,3,779.33,1,0,0,0,United Kingdom,2,Occasional but Reachable
13213,57,5,1518.4299999999998,2,0,0,0,United Kingdom,0,Stable but Passive
13216,268,1,333.74,0,0,0,0,United Kingdom,3,At-Risk
13217,122,3,133.62,3,0,0,0,United Kingdom,3,At-Risk
13218,127,1,62.63999999999999,0,0,0,0,United Kingdom,3,At-Risk
13220,78,4,819.2900000000001,0,0,0,0,United Kingdom,0,Stable but Passive
13221,240,2,842.3100000000001,0,0,1,0,United Kingdom,3,At-Risk
13223,200,2,163.20000000000002,0,0,0,0,United Kingdom,3,At-Risk
13224,60,2,2144.85,1,0,1,0,United Kingdom,0,Stable but Passive
13225,3,7,6083.04,2,0,0,0,United Kingdom,1,VIP Customer
13226,273,1,108.21000000000001,0,0,0,0,United Kingdom,3,At-Risk
13227,202,1,257.7,0,0,0,0,United Kingdom,3,At-Risk
13228,81,1,358.0,0,0,0,0,United Kingdom,3,At-Risk
13229,226,1,160.95,0,0,0,0,United Kingdom,3,At-Risk
13230,4,14,2712.07,1,0,0,0,United Kingdom,1,VIP Customer
13232,13,7,1327.15,0,0,1,0,United Kingdom,1,VIP Customer
13233,74,2,605.12,0,0,0,0,United Kingdom,0,Stable but Passive
13235,212,1,101.16999999999996,0,0,1,0,United Kingdom,3,At-Risk
13236,25,2,727.27,3,0,0,0,United Kingdom,2,Occasional but Reachable
13238,17,4,680.83,1,0,0,0,United Kingdom,2,Occasional but Reachable
13239,262,1,329.56,0,0,0,0,United Kingdom,3,At-Risk
13240,96,4,633.75,0,0,1,0,United Kingdom,0,Stable but Passive
13242,112,3,270.40000000000003,0,0,0,0,United Kingdom,3,At-Risk
13243,203,1,585.12,0,0,0,0,United Kingdom,3,At-Risk
13244,93,1,121.74000000000001,0,0,0,0,United Kingdom,3,At-Risk
13245,51,1,430.5,0,0,0,0,United Kingdom,3,At-Risk
13246,18,6,1896.32,2,0,0,0,United Kingdom,0,Stable but Passive
13247,18,4,501.12,0,0,0,0,United Kingdom,2,Occasional but Reachable
13248,125,2,465.68,0,0,0,0,United Kingdom,3,At-Risk
13249,92,3,711.41,0,0,0,0,United Kingdom,0,Stable but Passive
13253,157,2,1030.4,0,0,0,0,United Kingdom,0,Stable but Passive
13255,9,2,390.65999999999997,1,0,0,0,United Kingdom,2,Occasional but Reachable
13256,14,1,0.0,0,0,0,0,United Kingdom,3,At-Risk
13258,12,3,672.83,0,0,0,0,United Kingdom,2,Occasional but Reachable
13259,62,1,283.18,0,0,0,0,United Kingdom,3,At-Risk
13260,61,1,557.62,0,0,0,0,United Kingdom,3,At-Risk
13261,269,2,944.1,0,0,0,0,United Kingdom,3,At-Risk
13262,263,1,200.29,0,0,0,0,United Kingdom,3,At-Risk
13263,1,35,7416.49,0,0,4,0,United Kingdom,1,VIP Customer
13265,53,5,2092.66,0,0,0,0,United Kingdom,0,Stable but Passive
13266,11,12,3717.6699999999996,15,0,0,0,United Kingdom,1,VIP Customer
13267,3,19,4404.44,13,0,0,0,United Kingdom,1,VIP Customer
13268,18,10,3083.62,7,0,1,0,United Kingdom,1,VIP Customer
13269,1,15,5312.969999999999,4,0,0,0,United Kingdom,1,VIP Customer
13270,366,1,590.0,0,0,0,0,United Kingdom,3,At-Risk
13271,37,1,172.37,5,0,0,0,United Kingdom,3,At-Risk
13272,31,2,276.56,0,0,0,0,United Kingdom,2,Occasional but Reachable
13273,113,1,138.98,0,0,0,0,United Kingdom,3,At-Risk
13276,64,2,590.9300000000001,0,0,0,0,United Kingdom,0,Stable but Passive
13277,16,4,258.4,0,0,0,0,United Kingdom,2,Occasional but Reachable
13278,41,1,542.73,0,0,0,0,United Kingdom,2,Occasional but Reachable
13279,78,1,126.3,2,0,0,0,United Kingdom,3,At-Risk
13280,122,3,798.46,0,0,0,0,United Kingdom,0,Stable but Passive
13282,18,3,1047.8400000000001,3,0,0,0,United Kingdom,2,Occasional but Reachable
13283,60,2,93.66,0,0,0,0,United Kingdom,3,At-Risk
13284,331,1,196.15,1,0,0,0,United Kingdom,3,At-Risk
13285,23,4,2709.12,0,0,0,0,United Kingdom,0,Stable but Passive
13291,156,1,361.11,0,0,0,0,United Kingdom,3,At-Risk
13292,39,2,578.9399999999999,0,0,0,0,United Kingdom,2,Occasional but Reachable
13294,190,2,873.74,0,0,0,0,United Kingdom,3,At-Risk
13295,360,1,197.95000000000002,1,0,0,0,United Kingdom,3,At-Risk
13296,137,1,87.4,0,0,0,0,United Kingdom,3,At-Risk
13297,8,4,2089.85,0,0,0,0,United Kingdom,1,VIP Customer
13298,1,1,360.0,0,0,0,0,United Kingdom,2,Occasional but Reachable
13299,268,1,142.5,0,0,0,0,United Kingdom,3,At-Risk
13300,169,1,365.28999999999996,2,0,0,0,United Kingdom,3,At-Risk
13301,104,4,582.2900000000001,0,0,1,0,United Kingdom,0,Stable but Passive
13302,155,1,63.75,0,0,0,0,United Kingdom,3,At-Risk
13304,351,1,300.42,0,0,0,0,United Kingdom,3,At-Risk
13305,4,10,2000.86,0,0,0,0,United Kingdom,1,VIP Customer
13307,120,1,15.0,0,0,0,0,United Kingdom,3,At-Risk
13308,23,3,1367.61,3,0,0,0,United Kingdom,0,Stable but Passive
13309,7,5,1456.79,0,0,0,0,United Kingdom,1,VIP Customer
13310,28,3,1083.6299999999999,5,0,0,0,United Kingdom,0,Stable but Passive
13311,4,2,598.57,0,0,0,0,United Kingdom,2,Occasional but Reachable
13313,22,5,1555.32,0,0,0,0,United Kingdom,0,Stable but Passive
13314,2,3,593.51,12,0,0,0,United Kingdom,2,Occasional but Reachable
13316,37,4,5570.6900000000005,0,1,0,0,United Kingdom,0,Stable but Passive
13317,66,6,2140.0699999999997,11,0,0,0,United Kingdom,0,Stable but Passive
13318,1,3,640.76,0,0,0,0,United Kingdom,2,Occasional but Reachable
13319,5,26,10664.340000000002,24,0,0,0,United Kingdom,1,VIP Customer
13320,78,4,1475.2,4,0,0,0,United Kingdom,0,Stable but Passive
13321,72,2,567.36,0,0,0,0,United Kingdom,0,Stable but Passive
13322,17,1,199.48000000000002,0,0,0,0,United Kingdom,2,Occasional but Reachable
13323,3,5,787.85,0,0,0,0,United Kingdom,2,Occasional but Reachable
13324,36,10,7072.8,2,0,0,0,United Kingdom,1,VIP Customer
13325,82,1,675.3,0,0,0,0,United Kingdom,3,At-Risk
13327,39,8,3617.57,1,0,0,0,United Kingdom,1,VIP Customer
13328,316,1,1308.48,0,0,0,0,United Kingdom,3,At-Risk
13329,32,2,740.4,2,0,0,0,United Kingdom,2,Occasional but Reachable
13330,93,3,1140.93,0,0,0,0,United Kingdom,0,Stable but Passive
13332,14,1,350.9,0,0,0,0,United Kingdom,2,Occasional but Reachable
13334,82,3,3502.32,0,0,0,0,United Kingdom,0,Stable but Passive
13336,77,1,795.12,0,0,0,0,United Kingdom,3,At-Risk
13338,158,1,431.82,5,0,0,0,United Kingdom,3,At-Risk
13339,201,1,860.12,0,0,0,0,United Kingdom,3,At-Risk
13340,45,7,10736.48,0,0,0,0,United Kingdom,1,VIP Customer
13341,261,1,775.85,0,0,0,0,United Kingdom,3,At-Risk
13343,178,1,303.93,3,0,0,0,United Kingdom,3,At-Risk
13344,68,3,2511.69,0,0,0,0,United Kingdom,0,Stable but Passive
13345,288,1,377.6,2,0,0,0,United Kingdom,3,At-Risk
13347,70,1,341.36,0,0,0,0,United Kingdom,3,At-Risk
13348,64,1,233.76,0,0,0,0,United Kingdom,3,At-Risk
13349,11,1,247.32,0,0,0,0,United Kingdom,2,Occasional but Reachable
13350,16,2,910.72,3,0,0,0,United Kingdom,2,Occasional but Reachable
13351,66,1,373.94,0,0,0,0,United Kingdom,3,At-Risk
13352,60,1,389.28,3,0,0,0,United Kingdom,3,At-Risk
13354,71,1,743.53,0,0,0,0,United Kingdom,3,At-Risk
13355,122,1,674.7,0,0,0,0,United Kingdom,3,At-Risk
13356,80,1,768.24,0,0,0,0,United Kingdom,3,At-Risk
13357,257,1,609.4,0,0,0,0,United Kingdom,3,At-Risk
13358,269,1,439.03,0,0,0,0,United Kingdom,3,At-Risk
13359,64,1,431.26,1,0,0,0,United Kingdom,3,At-Risk
13362,9,4,3085.4900000000002,3,0,0,0,United Kingdom,1,VIP Customer
13363,18,2,992.5,0,0,0,0,United Kingdom,2,Occasional but Reachable
13364,71,1,0.0,10,0,0,0,United Kingdom,3,At-Risk
13365,34,2,2191.22,4,0,0,0,United Kingdom,0,Stable but Passive
13366,50,1,56.160000000000004,0,0,0,0,United Kingdom,3,At-Risk
13368,257,2,623.4,0,0,0,0,United Kingdom,3,At-Risk
13369,366,1,263.75,5,0,0,0,United Kingdom,3,At-Risk
13370,372,1,721.32,5,0,0,0,United Kingdom,3,At-Risk
13372,90,1,378.64,0,0,0,0,United Kingdom,3,At-Risk
13373,61,3,3312.25,0,0,0,0,United Kingdom,0,Stable but Passive
13375,89,1,772.9,1,0,0,0,United Kingdom,3,At-Risk
13376,99,3,1019.76,0,0,0,0,United Kingdom,0,Stable but Passive
13379,26,3,572.56,0,0,0,0,United Kingdom,2,Occasional but Reachable
13381,32,6,3626.81,1,0,0,0,United Kingdom,0,Stable but Passive
13382,281,1,222.99,0,0,0,0,United Kingdom,3,At-Risk
13384,31,7,4122.280000000001,3,0,0,0,United Kingdom,1,VIP Customer
13385,330,1,534.57,0,0,0,0,United Kingdom,3,At-Risk
13388,131,2,627.15,1,0,0,0,United Kingdom,3,At-Risk
13389,11,3,797.96,0,0,0,0,United Kingdom,2,Occasional but Reachable
13390,75,1,544.08,0,0,0,0,United Kingdom,3,At-Risk
13391,204,1,59.8,0,0,0,0,United Kingdom,3,At-Risk
13394,2,8,2312.8,9,0,0,0,United Kingdom,1,VIP Customer
13395,185,1,307.72,0,0,0,0,United Kingdom,3,At-Risk
13396,29,2,1325.29,4,0,0,0,United Kingdom,0,Stable but Passive
13397,73,5,1539.18,1,0,0,0,United Kingdom,0,Stable but Passive
13398,192,1,457.34,0,0,0,0,United Kingdom,3,At-Risk
13402,127,2,621.23,0,0,0,0,United Kingdom,3,At-Risk
13403,18,1,75.0,0,0,0,0,United Kingdom,2,Occasional but Reachable
13404,1,2,252.49,0,0,0,0,United Kingdom,2,Occasional but Reachable
13405,74,3,572.451,0,0,0,0,United Kingdom,0,Stable but Passive
13408,2,62,27487.41,14,7,2,0,United Kingdom,1,VIP Customer
13410,24,5,988.91,2,0,0,0,United Kingdom,0,Stable but Passive
13411,107,1,213.55,0,0,0,0,United Kingdom,3,At-Risk
13414,134,3,1390.5,0,0,0,0,United Kingdom,0,Stable but Passive
13416,44,2,712.5,0,0,0,0,United Kingdom,0,Stable but Passive
13417,5,2,640.83,0,0,0,0,United Kingdom,2,Occasional but Reachable
13418,12,18,5845.4400000000005,10,0,0,0,United Kingdom,1,VIP Customer
13419,64,1,221.06,0,0,0,0,United Kingdom,3,At-Risk
13420,150,2,140.35,2,0,0,0,United Kingdom,3,At-Risk
13421,40,2,1810.6100000000001,1,0,1,0,United Kingdom,0,Stable but Passive
13422,64,1,2601.55,1,0,0,0,United Kingdom,0,Stable but Passive
13425,108,3,1624.21,0,0,0,0,United Kingdom,0,Stable but Passive
13426,1,10,3550.7000000000003,2,0,0,0,United Kingdom,1,VIP Customer
13427,19,3,582.6,0,0,0,0,United Kingdom,2,Occasional but Reachable
13428,10,1,201.78,0,0,0,0,United Kingdom,2,Occasional but Reachable
13429,11,4,1006.8,0,0,0,0,United Kingdom,2,Occasional but Reachable
13430,19,2,648.69,5,0,0,0,United Kingdom,2,Occasional but Reachable
13431,67,2,1269.1,0,0,0,0,United Kingdom,0,Stable but Passive
13434,74,2,534.24,0,0,0,0,United Kingdom,3,At-Risk
13435,5,7,3794.4900000000002,2,0,0,0,United Kingdom,1,VIP Customer
13436,2,1,196.89,0,0,0,0,United Kingdom,2,Occasional but Reachable
13437,14,7,3408.06,0,0,0,0,United Kingdom,1,VIP Customer
13439,255,1,283.71,0,0,0,0,United Kingdom,3,At-Risk
13441,92,1,296.64,0,0,0,0,United Kingdom,3,At-Risk
13447,23,3,1104.23,3,0,0,0,United Kingdom,0,Stable but Passive
13448,17,6,3460.9900000000002,4,0,0,0,United Kingdom,1,VIP Customer
13449,24,1,291.88,0,0,0,0,United Kingdom,2,Occasional but Reachable
13450,27,6,2043.7199999999998,0,0,0,0,United Kingdom,0,Stable but Passive
13451,26,5,2838.56,1,0,0,0,United Kingdom,0,Stable but Passive
13452,259,2,590.0,0,0,0,0,United Kingdom,3,At-Risk
13453,166,2,356.97999999999996,0,0,0,0,United Kingdom,3,At-Risk
13455,25,2,1007.3499999999999,7,0,0,0,United Kingdom,2,Occasional but Reachable
13456,18,6,1737.82,2,0,0,0,United Kingdom,0,Stable but Passive
13458,7,14,9537.92,12,0,0,0,United Kingdom,1,VIP Customer
13460,29,2,183.44,0,0,0,0,United Kingdom,2,Occasional but Reachable
13461,39,3,1445.0,0,0,0,0,United Kingdom,0,Stable but Passive
13462,253,1,143.25,1,0,0,0,United Kingdom,3,At-Risk
13464,58,1,674.68,0,0,0,0,United Kingdom,3,At-Risk
13466,184,1,297.95,1,0,0,0,United Kingdom,3,At-Risk
13467,11,2,1071.91,0,0,0,0,United Kingdom,2,Occasional but Reachable
13468,2,37,5656.75,4,0,0,0,United Kingdom,1,VIP Customer
13470,99,2,165.0,0,0,0,0,United Kingdom,3,At-Risk
13471,1,4,2501.84,0,0,0,0,United Kingdom,1,VIP Customer
13473,61,2,417.53999999999996,1,0,0,0,United Kingdom,3,At-Risk
13474,236,1,226.84,0,0,0,0,United Kingdom,3,At-Risk
13475,191,4,1431.78,0,0,0,0,United Kingdom,0,Stable but Passive
13476,179,2,1092.77,3,0,0,0,United Kingdom,0,Stable but Passive
13477,38,6,1441.53,2,0,0,0,United Kingdom,0,Stable but Passive
13479,201,2,291.0,1,0,0,0,United Kingdom,3,At-Risk
13481,46,5,1776.81,3,0,0,0,United Kingdom,0,Stable but Passive
13482,232,1,184.64,0,0,0,0,United Kingdom,3,At-Risk
13483,66,1,140.34,0,0,0,0,United Kingdom,3,At-Risk
13484,241,1,313.8,0,0,0,0,United Kingdom,3,At-Risk
13485,233,1,454.24,0,0,0,0,United Kingdom,3,At-Risk
13486,78,3,1122.41,0,0,0,0,United Kingdom,0,Stable but Passive
13487,58,3,575.4,0,0,0,0,United Kingdom,0,Stable but Passive
13488,17,13,8910.609999999999,5,0,0,0,United Kingdom,1,VIP Customer
13489,105,4,449.52,0,0,0,0,United Kingdom,0,Stable but Passive
13491,52,10,1215.82,0,0,0,0,United Kingdom,0,Stable but Passive
13492,136,3,1269.84,0,0,0,0,Switzerland,0,Stable but Passive
13493,275,2,618.63,0,0,0,0,Switzerland,3,At-Risk
13494,312,1,316.26000000000005,0,0,0,0,United Kingdom,3,At-Risk
13495,8,5,1990.1200000000001,4,0,0,0,United Kingdom,1,VIP Customer
13496,11,2,617.9300000000001,1,0,0,0,United Kingdom,2,Occasional but Reachable
13497,283,2,321.05,1,0,0,0,United Kingdom,3,At-Risk
13499,18,5,1146.9599999999998,3,0,0,0,United Kingdom,0,Stable but Passive
13500,23,3,1136.77,2,0,0,0,United Kingdom,0,Stable but Passive
13501,288,1,1310.47,1,0,0,0,Switzerland,3,At-Risk
13502,17,3,292.0,0,0,0,0,United Kingdom,2,Occasional but Reachable
13503,71,1,216.85,0,0,0,0,United Kingdom,3,At-Risk
13504,64,1,295.93,0,0,0,0,United Kingdom,3,At-Risk
13505,73,4,4282.88,12,0,0,0,Switzerland,0,Stable but Passive
13506,316,2,452.82,3,0,0,0,United Kingdom,3,At-Risk
13507,3,4,2479.16,0,0,0,0,United Kingdom,1,VIP Customer
13508,244,1,110.97,0,0,0,0,United Kingdom,3,At-Risk
13509,9,7,979.72,0,0,0,0,United Kingdom,1,VIP Customer
13510,1,4,1785.1599999999999,2,0,0,0,United Kingdom,1,VIP Customer
13512,261,1,251.21,0,0,0,0,United Kingdom,3,At-Risk
13513,127,1,205.1,0,0,0,0,United Kingdom,3,At-Risk
13514,74,1,152.20000000000002,0,0,0,0,United Kingdom,3,At-Risk
13515,73,4,891.12,0,0,0,0,United Kingdom,0,Stable but Passive
13516,21,3,1389.41,0,0,0,0,United Kingdom,0,Stable but Passive
13517,60,3,2109.07,2,0,0,0,United Kingdom,0,Stable but Passive
13518,86,1,627.16,0,0,0,0,United Kingdom,3,At-Risk
13519,78,1,110.8,1,0,0,0,United Kingdom,3,At-Risk
13520,59,6,3487.75,2,0,0,0,Switzerland,0,Stable but Passive
13521,1,3,1069.21,0,0,1,0,United Kingdom,2,Occasional but Reachable
13522,30,1,125.80000000000001,0,0,0,0,United Kingdom,2,Occasional but Reachable
13523,33,5,3755.38,5,0,0,0,United Kingdom,0,Stable but Passive
13524,41,5,680.1800000000001,0,0,0,0,United Kingdom,0,Stable but Passive
13525,15,2,628.78,0,0,0,0,United Kingdom,2,Occasional but Reachable
13527,34,7,2218.61,1,0,0,0,United Kingdom,0,Stable but Passive
13529,79,2,307.76,0,0,0,0,United Kingdom,3,At-Risk
13531,205,2,483.8,0,0,0,0,United Kingdom,3,At-Risk
13532,34,1,210.31,0,0,0,0,United Kingdom,2,Occasional but Reachable
13533,183,3,269.09,0,0,0,0,United Kingdom,3,At-Risk
13534,2,25,5613.08,46,0,0,0,United Kingdom,1,VIP Customer
13536,1,7,3444.39,0,0,0,0,United Kingdom,1,VIP Customer
13538,43,7,1280.85,0,0,0,0,United Kingdom,0,Stable but Passive
13539,86,3,605.84,1,0,0,0,United Kingdom,0,Stable but Passive
13544,40,2,276.06,0,0,0,0,United Kingdom,2,Occasional but Reachable
13546,12,3,621.09,0,0,0,0,United Kingdom,2,Occasional but Reachable
13548,96,2,678.16,0,0,0,0,United Kingdom,0,Stable but Passive
13549,26,7,916.12,1,0,0,0,United Kingdom,0,Stable but Passive
13551,319,1,91.80000000000001,0,0,0,0,United Kingdom,3,At-Risk
13552,66,12,3539.53,12,0,0,0,United Kingdom,1,VIP Customer
13555,74,4,4098.88,0,0,0,0,United Kingdom,0,Stable but Passive
13557,28,2,584.06,0,0,0,0,United Kingdom,2,Occasional but Reachable
13558,6,4,594.52,0,0,0,0,United Kingdom,2,Occasional but Reachable
13560,7,1,171.42000000000002,0,0,0,0,United Kingdom,2,Occasional but Reachable
13561,216,1,141.85999999999999,0,0,0,0,United Kingdom,3,At-Risk
13562,82,3,1799.33,0,0,0,0,United Kingdom,0,Stable but Passive
13563,84,2,777.53,0,0,0,0,United Kingdom,0,Stable but Passive
13564,354,2,623.39,0,0,3,0,United Kingdom,3,At-Risk
13565,19,2,240.22,0,0,0,0,United Kingdom,2,Occasional but Reachable
13566,41,2,856.84,0,0,0,0,United Kingdom,0,Stable but Passive
13568,173,1,187.05,0,0,0,0,United Kingdom,3,At-Risk
13569,17,2,335.62,0,0,1,0,United Kingdom,2,Occasional but Reachable
13570,243,1,239.49,0,0,0,0,United Kingdom,3,At-Risk
13571,13,12,2088.94,0,0,0,0,United Kingdom,1,VIP Customer
13572,206,1,1384.25,0,0,0,0,United Kingdom,3,At-Risk
13573,50,2,290.25,0,0,0,0,United Kingdom,3,At-Risk
13575,23,5,732.0699999999999,0,0,0,0,United Kingdom,0,Stable but Passive
13576,10,18,6703.3,4,0,0,0,United Kingdom,1,VIP Customer
13577,25,4,1658.3000000000002,2,0,0,0,United Kingdom,0,Stable but Passive
13579,15,2,467.04,0,0,0,0,United Kingdom,2,Occasional but Reachable
13581,309,1,118.0,0,0,0,0,United Kingdom,3,At-Risk
13583,156,1,781.03,0,0,0,0,United Kingdom,3,At-Risk
13584,307,1,142.4,0,0,0,0,United Kingdom,3,At-Risk
13587,64,1,347.0,3,0,0,0,United Kingdom,3,At-Risk
13588,16,9,2445.12,6,0,0,0,United Kingdom,1,VIP Customer
13589,15,2,379.65,0,0,0,0,United Kingdom,2,Occasional but Reachable
13590,11,6,1976.1200000000001,2,0,0,0,United Kingdom,1,VIP Customer
13591,65,3,1117.13,0,0,0,0,United Kingdom,0,Stable but Passive
13592,36,4,247.95999999999998,0,0,0,0,United Kingdom,2,Occasional but Reachable
13593,108,5,1965.0800000000002,1,0,0,0,United Kingdom,0,Stable but Passive
13594,53,1,396.97,0,0,0,0,United Kingdom,3,At-Risk
13596,6,2,664.11,0,0,0,0,United Kingdom,2,Occasional but Reachable
13598,47,1,147.29,1,0,0,0,United Kingdom,3,At-Risk
13599,1,21,5026.85,17,0,0,0,United Kingdom,1,VIP Customer
13600,312,1,219.52,0,0,0,0,United Kingdom,3,At-Risk
13601,45,2,693.32,0,0,0,0,United Kingdom,0,Stable but Passive
13602,65,1,428.89,0,0,0,0,United Kingdom,3,At-Risk
13603,26,1,164.34,0,0,0,0,United Kingdom,2,Occasional but Reachable
13606,29,3,276.75,0,0,0,0,United Kingdom,2,Occasional but Reachable
13607,40,1,675.51,0,0,0,0,United Kingdom,2,Occasional but Reachable
13610,12,7,1065.8799999999999,2,0,0,0,United Kingdom,1,VIP Customer
13611,89,3,1140.8000000000002,2,0,0,0,United Kingdom,0,Stable but Passive
13614,24,4,1585.46,0,0,0,0,United Kingdom,0,Stable but Passive
13615,319,1,399.99,1,0,0,0,United Kingdom,3,At-Risk
13617,40,3,544.18,0,0,0,0,United Kingdom,0,Stable but Passive
13618,174,1,177.34,0,0,0,0,United Kingdom,3,At-Risk
13621,117,1,213.85,0,0,0,0,United Kingdom,3,At-Risk
13623,31,5,652.4000000000001,4,0,1,0,United Kingdom,0,Stable but Passive
13626,253,1,257.23,0,0,0,0,United Kingdom,3,At-Risk
13627,59,5,1624.02,2,0,0,0,United Kingdom,0,Stable but Passive
13629,23,11,7792.36,0,0,0,0,United Kingdom,1,VIP Customer
13630,5,7,1995.68,9,0,0,0,United Kingdom,1,VIP Customer
13631,100,11,3021.77,1,0,0,0,United Kingdom,0,Stable but Passive
13632,25,5,2114.68,1,0,0,0,United Kingdom,0,Stable but Passive
13634,33,5,1547.3600000000001,0,0,0,0,United Kingdom,0,Stable but Passive
13635,68,1,1071.03,0,0,0,0,United Kingdom,0,Stable but Passive
13636,37,5,941.62,1,0,0,0,United Kingdom,0,Stable but Passive
13637,52,3,801.8,0,0,1,0,United Kingdom,0,Stable but Passive
13638,16,1,122.64,0,0,0,0,United Kingdom,2,Occasional but Reachable
13639,74,1,1033.34,0,0,0,0,United Kingdom,3,At-Risk
13642,216,1,312.28,0,0,0,0,United Kingdom,3,At-Risk
13643,31,3,519.44,0,0,0,0,United Kingdom,2,Occasional but Reachable
13644,16,4,2597.5200000000004,2,0,0,0,United Kingdom,0,Stable but Passive
13645,120,1,252.1,0,0,0,0,United Kingdom,3,At-Risk
13647,10,4,1640.22,1,0,0,0,United Kingdom,0,Stable but Passive
13649,257,2,346.6,0,0,0,0,United Kingdom,3,At-Risk
13650,17,6,1809.34,2,0,0,0,United Kingdom,0,Stable but Passive
13651,35,2,94.2,0,0,0,0,United Kingdom,2,Occasional but Reachable
13652,46,3,1095.08,0,0,0,0,United Kingdom,0,Stable but Passive
13654,43,6,2707.33,0,0,0,0,United Kingdom,0,Stable but Passive
13655,114,2,932.97,0,0,0,0,United Kingdom,0,Stable but Passive
13656,165,2,379.65,0,0,0,0,United Kingdom,3,At-Risk
13657,11,2,382.14,0,0,0,0,United Kingdom,2,Occasional but Reachable
13658,10,5,2421.4700000000003,4,0,0,0,United Kingdom,1,VIP Customer
13659,206,2,1540.65,4,0,0,0,United Kingdom,0,Stable but Passive
13662,86,3,862.58,5,0,0,0,United Kingdom,0,Stable but Passive
13663,179,1,189.47,0,0,0,0,United Kingdom,3,At-Risk
13666,60,3,84.65,0,0,0,0,United Kingdom,3,At-Risk
13667,149,1,299.05,0,0,0,0,United Kingdom,3,At-Risk
13668,3,21,6162.3099999999995,31,0,0,0,United Kingdom,1,VIP Customer
13669,51,2,218.55,0,0,0,0,United Kingdom,3,At-Risk
13670,75,1,349.7,0,0,0,0,United Kingdom,3,At-Risk
13673,19,2,387.44,0,0,0,0,United Kingdom,2,Occasional but Reachable
13675,151,2,486.82000000000005,0,0,0,0,United Kingdom,3,At-Risk
13678,152,1,232.6,0,0,0,0,United Kingdom,3,At-Risk
13680,1,4,2199.01,21,0,0,0,United Kingdom,1,VIP Customer
13681,18,4,827.83,0,0,0,0,United Kingdom,0,Stable but Passive
13682,187,1,59.5,0,0,0,0,United Kingdom,3,At-Risk
13684,286,1,62.129999999999995,1,0,0,0,United Kingdom,3,At-Risk
13685,3,7,3119.44,0,0,0,0,United Kingdom,1,VIP Customer
13686,183,1,72.0,0,0,0,0,United Kingdom,3,At-Risk
13689,63,1,910.0,0,0,0,0,United Kingdom,3,At-Risk
13690,59,1,172.25,0,0,0,0,United Kingdom,3,At-Risk
13692,25,3,1466.87,2,0,0,0,United Kingdom,0,Stable but Passive
13694,4,50,62690.54,13,2,1,0,United Kingdom,1,VIP Customer
13695,31,15,2504.13,0,0,0,0,United Kingdom,1,VIP Customer
13697,39,1,151.29999999999998,0,0,0,0,United Kingdom,3,At-Risk
13699,155,1,308.58000000000004,0,0,0,0,United Kingdom,3,At-Risk
13700,26,10,2248.63,0,0,0,0,United Kingdom,1,VIP Customer
13703,318,1,99.5,0,0,0,0,United Kingdom,3,At-Risk
13704,5,9,2295.31,1,0,0,0,United Kingdom,1,VIP Customer
13705,8,3,711.86,0,0,0,0,United Kingdom,2,Occasional but Reachable
13706,303,1,330.79,0,0,0,0,United Kingdom,3,At-Risk
13707,267,2,806.41,0,0,0,0,United Kingdom,3,At-Risk
13708,271,1,281.33,0,0,1,0,United Kingdom,3,At-Risk
13709,4,13,6228.710000000001,10,0,0,0,United Kingdom,1,VIP Customer
13710,32,1,180.48,0,0,0,0,United Kingdom,2,Occasional but Reachable
13711,219,2,252.06,0,0,0,0,United Kingdom,3,At-Risk
13712,247,1,228.84,0,0,0,0,United Kingdom,3,At-Risk
13715,281,5,1051.99,3,0,0,0,United Kingdom,0,Stable but Passive
13716,269,1,138.28,0,0,0,0,United Kingdom,3,At-Risk
13717,32,6,1432.26,1,0,0,0,United Kingdom,0,Stable but Passive
13718,246,2,306.55,0,0,0,0,United Kingdom,3,At-Risk
13719,15,5,1041.68,0,0,0,0,United Kingdom,0,Stable but Passive
13720,117,4,799.9,0,0,0,0,United Kingdom,0,Stable but Passive
13721,36,1,524.14,0,0,0,0,United Kingdom,2,Occasional but Reachable
13722,132,3,2369.16,1,0,0,0,United Kingdom,0,Stable but Passive
13723,217,1,199.85000000000002,0,0,0,0,United Kingdom,3,At-Risk
13725,50,8,1809.81,14,0,0,0,United Kingdom,0,Stable but Passive
13726,39,2,1079.6599999999999,0,0,0,0,United Kingdom,0,Stable but Passive
13727,29,2,333.48,0,0,0,0,United Kingdom,2,Occasional but Reachable
13728,37,6,1016.14,0,0,0,0,United Kingdom,0,Stable but Passive
13730,136,2,752.6,0,0,0,0,United Kingdom,3,At-Risk
13731,219,2,610.59,0,0,0,0,United Kingdom,3,At-Risk
13732,28,1,491.86,0,0,0,0,United Kingdom,2,Occasional but Reachable
13735,25,4,2764.48,12,0,0,0,United Kingdom,0,Stable but Passive
13736,5,2,721.9,3,0,0,0,United Kingdom,2,Occasional but Reachable
13737,200,1,339.59999999999997,0,0,0,0,United Kingdom,3,At-Risk
13739,18,1,216.9,0,0,0,0,United Kingdom,2,Occasional but Reachable
13740,241,1,350.75,0,0,0,0,United Kingdom,3,At-Risk
13741,72,3,666.33,1,0,0,0,United Kingdom,0,Stable but Passive
13742,17,12,3079.27,2,0,0,0,United Kingdom,1,VIP Customer
13743,3,7,1340.1499999999999,1,0,0,0,United Kingdom,1,VIP Customer
13744,95,2,1080.52,0,0,0,0,United Kingdom,0,Stable but Passive
13745,162,1,291.54,1,0,0,0,United Kingdom,3,At-Risk
13747,374,1,79.6,0,0,0,0,United Kingdom,3,At-Risk
13748,96,5,948.25,0,0,0,0,United Kingdom,0,Stable but Passive
13750,54,5,1647.26,0,0,0,0,United Kingdom,0,Stable but Passive
13751,288,1,296.25,0,0,0,0,United Kingdom,3,At-Risk
13752,124,6,1175.38,0,0,0,0,United Kingdom,0,Stable but Passive
13753,288,1,741.26,0,0,0,0,United Kingdom,3,At-Risk
13754,152,2,282.59999999999997,0,0,0,0,United Kingdom,3,At-Risk
13755,4,9,2101.39,1,0,0,0,United Kingdom,1,VIP Customer
13756,2,14,5145.120000000001,1,0,0,0,United Kingdom,1,VIP Customer
13758,12,7,3190.55,0,0,0,0,United Kingdom,1,VIP Customer
13759,33,2,659.4100000000001,0,0,0,0,United Kingdom,2,Occasional but Reachable
13760,54,2,286.79,0,0,0,0,United Kingdom,3,At-Risk
13761,50,2,1070.65,0,0,0,0,United Kingdom,0,Stable but Passive
13762,219,1,5.684341886080802e-14,7,0,0,0,United Kingdom,3,At-Risk
13763,63,1,1689.46,2,0,0,0,United Kingdom,0,Stable but Passive
13764,71,3,1513.42,0,0,1,0,United Kingdom,0,Stable but Passive
13767,2,37,16945.71,31,0,0,0,United Kingdom,1,VIP Customer
13769,2,10,2771.8700000000003,8,0,0,0,United Kingdom,1,VIP Customer
13771,64,4,2631.7,1,0,0,0,United Kingdom,0,Stable but Passive
13772,34,3,1122.63,0,0,0,0,United Kingdom,0,Stable but Passive
13774,82,1,345.0,0,0,0,0,United Kingdom,3,At-Risk
13777,1,33,25748.35,20,0,2,0,United Kingdom,1,VIP Customer
13778,103,1,178.7,0,0,0,0,United Kingdom,3,At-Risk
13780,7,2,360.01,0,0,0,0,United Kingdom,2,Occasional but Reachable
13781,251,1,127.84,0,0,0,0,United Kingdom,3,At-Risk
13782,13,6,908.86,0,0,0,0,United Kingdom,0,Stable but Passive
13784,10,11,2462.79,0,0,0,0,United Kingdom,1,VIP Customer
13786,367,1,230.39999999999998,0,0,0,0,United Kingdom,3,At-Risk
13787,76,2,309.04,0,0,0,0,United Kingdom,3,At-Risk
13790,4,1,348.8,0,0,0,0,United Kingdom,2,Occasional but Reachable
13791,128,2,1047.68,6,0,0,0,United Kingdom,0,Stable but Passive
13792,66,2,195.55,0,0,0,0,United Kingdom,3,At-Risk
13798,1,57,36352.869999999995,89,0,0,0,United Kingdom,1,VIP Customer
13799,117,2,688.86,0,0,0,0,United Kingdom,3,At-Risk
13800,310,1,558.32,0,0,0,0,United Kingdom,3,At-Risk
13801,67,1,324.8,0,0,0,0,United Kingdom,3,At-Risk
13802,139,3,3906.27,6,0,0,0,United Kingdom,0,Stable but Passive
13803,255,1,277.07,0,0,0,0,United Kingdom,3,At-Risk
13804,31,7,2588.39,0,0,0,0,United Kingdom,0,Stable but Passive
13805,52,2,924.6,0,0,0,0,United Kingdom,0,Stable but Passive
13806,64,1,256.38,0,0,0,0,United Kingdom,3,At-Risk
13807,367,1,112.6,0,0,0,0,United Kingdom,3,At-Risk
13808,6,5,1747.66,0,0,0,0,United Kingdom,1,VIP Customer
13809,305,1,155.05,0,0,0,0,Cyprus,3,At-Risk
13810,29,2,899.51,0,0,2,0,Germany,2,Occasional but Reachable
13811,184,2,591.75,0,0,2,0,Germany,3,At-Risk
13812,42,3,539.0,0,0,0,0,Germany,0,Stable but Passive
13813,40,4,1353.41,2,0,0,0,Germany,0,Stable but Passive
13814,92,2,1562.12,1,0,0,0,Germany,0,Stable but Passive
13815,22,4,4014.9100000000003,1,0,0,0,Germany,0,Stable but Passive
13816,24,2,555.0400000000001,5,0,0,0,Germany,2,Occasional but Reachable
13817,29,2,382.98,0,0,0,0,Germany,2,Occasional but Reachable
13819,302,3,1140.35,0,0,0,0,United Kingdom,0,Stable but Passive
13821,145,2,385.64,0,0,0,0,United Kingdom,3,At-Risk
13822,6,2,632.0,0,0,0,0,United Kingdom,2,Occasional but Reachable
13823,19,2,957.66,0,0,0,0,United Kingdom,2,Occasional but Reachable
13824,33,5,1698.94,0,0,0,0,United Kingdom,0,Stable but Passive
13826,176,1,174.65,2,0,0,0,United Kingdom,3,At-Risk
13827,58,3,409.8,0,0,0,0,United Kingdom,0,Stable but Passive
13828,22,1,209.49,0,0,0,0,United Kingdom,2,Occasional but Reachable
13831,16,6,2198.45,0,0,0,0,United Kingdom,1,VIP Customer
13832,19,1,40.949999999999996,1,0,0,0,United Kingdom,2,Occasional but Reachable
13833,159,1,383.85,0,0,0,0,United Kingdom,3,At-Risk
13835,25,4,834.57,0,0,0,0,United Kingdom,0,Stable but Passive
13837,212,2,266.59000000000003,0,0,0,0,United Kingdom,3,At-Risk
13838,6,4,674.82,0,0,0,0,United Kingdom,2,Occasional but Reachable
13841,253,1,85.0,0,0,0,0,United Kingdom,3,At-Risk
13842,59,9,3385.62,0,0,0,0,United Kingdom,0,Stable but Passive
13844,11,1,361.62,0,0,0,0,United Kingdom,2,Occasional but Reachable
13845,65,1,312.98,0,0,0,0,United Kingdom,3,At-Risk
13846,25,3,847.61,3,0,0,0,United Kingdom,0,Stable but Passive
13848,92,3,1255.0,0,0,0,0,United Kingdom,0,Stable but Passive
13849,52,2,1537.95,0,0,0,0,United Kingdom,0,Stable but Passive
13850,129,1,1586.81,1,0,0,0,United Kingdom,0,Stable but Passive
13851,96,3,2651.46,0,0,0,0,United Kingdom,0,Stable but Passive
13853,57,1,1056.94,1,0,0,0,United Kingdom,0,Stable but Passive
13854,9,25,8025.0199999999995,4,0,0,0,United Kingdom,1,VIP Customer
13856,169,3,363.4,3,0,0,0,United Kingdom,3,At-Risk
13858,57,1,216.17,0,0,0,0,United Kingdom,3,At-Risk
13859,326,1,201.16,0,0,0,0,United Kingdom,3,At-Risk
13860,1,5,1240.0,1,0,0,0,United Kingdom,1,VIP Customer
13862,18,8,2187.31,3,0,0,0,United Kingdom,1,VIP Customer
13863,248,1,299.55999999999995,2,0,0,0,United Kingdom,3,At-Risk
13865,58,4,501.56,0,0,0,0,United Kingdom,0,Stable but Passive
13866,74,1,145.67000000000002,0,0,0,0,United Kingdom,3,At-Risk
13867,31,3,1005.09,0,0,0,0,United Kingdom,0,Stable but Passive
13868,7,2,3192.54,0,0,0,0,United Kingdom,2,Occasional but Reachable
13869,123,4,3083.65,0,0,0,0,United Kingdom,0,Stable but Passive
13870,2,8,2751.25,3,0,0,0,United Kingdom,1,VIP Customer
13871,23,13,6389.8,2,0,0,0,United Kingdom,1,VIP Customer
13873,120,3,381.70000000000005,1,0,0,0,United Kingdom,3,At-Risk
13874,358,1,540.45,0,0,0,0,United Kingdom,3,At-Risk
13875,54,5,1786.79,0,0,0,0,United Kingdom,0,Stable but Passive
13876,64,1,122.7,0,0,0,0,United Kingdom,3,At-Risk
13877,86,1,117.24,0,0,0,0,United Kingdom,3,At-Risk
13878,55,1,1271.57,0,0,0,0,United Kingdom,0,Stable but Passive
13880,21,13,3219.77,0,0,0,0,United Kingdom,1,VIP Customer
13881,4,20,16989.52,2,0,0,0,United Kingdom,1,VIP Customer
13882,3,5,1131.2800000000002,1,0,0,0,United Kingdom,1,VIP Customer
13883,11,5,2538.75,13,0,0,0,United Kingdom,1,VIP Customer
13884,7,5,781.3000000000001,1,0,0,0,United Kingdom,2,Occasional but Reachable
13885,189,2,506.8,0,0,0,0,United Kingdom,3,At-Risk
13886,71,1,243.56,0,0,0,0,United Kingdom,3,At-Risk
13887,204,1,349.55,0,0,0,0,United Kingdom,3,At-Risk
13888,120,2,595.67,0,0,0,0,United Kingdom,3,At-Risk
13889,93,1,416.90000000000003,0,0,0,0,United Kingdom,3,At-Risk
13890,1,10,1860.8600000000001,4,0,0,0,United Kingdom,1,VIP Customer
13892,27,4,632.97,0,0,0,0,United Kingdom,0,Stable but Passive
13893,298,1,821.1,0,0,0,0,United Kingdom,3,At-Risk
13894,24,3,535.97,3,0,0,0,United Kingdom,2,Occasional but Reachable
13895,28,4,2588.1200000000003,1,0,0,0,United Kingdom,0,Stable but Passive
13897,50,1,311.16,0,0,0,0,United Kingdom,3,At-Risk
13898,326,1,155.93,0,0,0,0,United Kingdom,3,At-Risk
13899,16,2,388.52,0,0,0,0,United Kingdom,2,Occasional but Reachable
13900,183,3,740.95,0,0,0,0,United Kingdom,0,Stable but Passive
13901,72,5,2867.2,0,0,0,0,United Kingdom,0,Stable but Passive
13904,37,2,332.64,0,0,0,0,United Kingdom,2,Occasional but Reachable
13908,80,4,2347.05,4,0,0,0,United Kingdom,0,Stable but Passive
13911,57,9,2580.91,0,0,0,0,United Kingdom,0,Stable but Passive
13914,12,2,613.95,1,0,0,0,United Kingdom,2,Occasional but Reachable
13917,50,2,272.04,0,0,0,0,United Kingdom,3,At-Risk
13918,50,2,1212.8400000000001,0,0,0,0,United Kingdom,0,Stable but Passive
13919,59,2,350.16,5,0,0,0,Denmark,3,At-Risk
13922,352,1,172.25,0,0,0,0,United Kingdom,3,At-Risk
13923,54,1,351.13,0,0,0,0,United Kingdom,3,At-Risk
13924,2,6,1682.0800000000002,20,0,0,0,United Kingdom,1,VIP Customer
13925,93,4,616.65,4,0,0,0,United Kingdom,0,Stable but Passive
13926,23,1,223.85000000000002,0,0,0,0,United Kingdom,2,Occasional but Reachable
13927,75,1,348.99,0,0,0,0,United Kingdom,3,At-Risk
13928,11,4,464.57,0,0,0,0,United Kingdom,2,Occasional but Reachable
13929,169,2,802.85,1,0,0,0,United Kingdom,3,At-Risk
13930,58,2,337.34,0,0,0,0,United Kingdom,3,At-Risk
13931,96,2,1230.93,1,0,0,0,United Kingdom,0,Stable but Passive
13932,295,1,307.4,0,0,0,0,United Kingdom,3,At-Risk
13933,109,2,608.7900000000001,0,0,0,0,United Kingdom,3,At-Risk
13934,264,1,922.1,0,0,0,0,United Kingdom,3,At-Risk
13936,180,1,361.28,1,0,0,0,United Kingdom,3,At-Risk
13937,169,1,158.85,0,0,0,0,United Kingdom,3,At-Risk
13938,35,1,71.66,0,0,0,0,United Kingdom,3,At-Risk
13939,23,3,556.75,1,0,0,0,United Kingdom,2,Occasional but Reachable
13940,17,4,839.14,0,0,0,0,United Kingdom,0,Stable but Passive
13941,22,5,4912.41,2,0,0,0,United Kingdom,1,VIP Customer
13946,79,3,561.5699999999999,0,0,0,0,United Kingdom,0,Stable but Passive
13947,65,1,90.6,0,0,0,0,United Kingdom,3,At-Risk
13948,361,1,102.0,0,0,0,0,United Kingdom,3,At-Risk
13949,3,6,2427.32,0,0,0,0,United Kingdom,1,VIP Customer
13950,11,4,728.56,1,0,0,0,United Kingdom,2,Occasional but Reachable
13951,176,3,674.45,0,0,0,0,United Kingdom,0,Stable but Passive
13952,218,2,3246.091,1,0,0,0,United Kingdom,0,Stable but Passive
13953,7,7,3515.68,0,0,0,0,United Kingdom,1,VIP Customer
13954,2,2,378.59000000000003,5,0,0,0,United Kingdom,2,Occasional but Reachable
13955,154,2,322.96,0,0,0,0,United Kingdom,3,At-Risk
13956,5,5,1019.27,0,0,0,0,United Kingdom,2,Occasional but Reachable
13959,79,3,594.04,0,0,0,0,United Kingdom,0,Stable but Passive
13960,21,2,230.22,0,0,0,0,United Kingdom,2,Occasional but Reachable
13962,22,2,169.55,0,0,0,0,United Kingdom,2,Occasional but Reachable
13963,308,4,664.54,0,0,0,0,United Kingdom,0,Stable but Passive
13967,146,1,80.7,0,0,0,0,United Kingdom,3,At-Risk
13969,7,18,8956.92,7,0,0,0,United Kingdom,1,VIP Customer
13971,19,8,2702.2200000000003,9,0,0,0,United Kingdom,1,VIP Customer
13972,71,2,190.25,0,0,0,0,United Kingdom,3,At-Risk
13973,287,1,264.7,0,0,0,0,United Kingdom,3,At-Risk
13974,49,1,413.59000000000003,0,0,0,0,United Kingdom,3,At-Risk
13975,31,6,2438.19,2,0,0,0,United Kingdom,0,Stable but Passive
13976,207,1,357.98,0,0,0,0,United Kingdom,3,At-Risk
13978,15,2,196.79000000000002,0,0,0,0,United Kingdom,2,Occasional but Reachable
13979,73,1,869.87,0,0,0,0,United Kingdom,3,At-Risk
13980,60,1,200.14,0,0,0,0,United Kingdom,3,At-Risk
13982,39,4,1861.11,4,0,0,0,United Kingdom,0,Stable but Passive
13983,30,12,2590.46,5,0,0,0,United Kingdom,1,VIP Customer
13984,27,5,488.03,1,0,0,0,United Kingdom,0,Stable but Passive
13985,4,15,7024.53,2,0,0,0,United Kingdom,1,VIP Customer
13986,17,1,320.46,0,0,0,0,United Kingdom,2,Occasional but Reachable
13988,20,6,4098.8,5,0,0,0,United Kingdom,1,VIP Customer
13989,66,2,1266.08,0,0,0,0,United Kingdom,0,Stable but Passive
13990,213,1,311.3,0,0,0,0,United Kingdom,3,At-Risk
13991,12,6,845.54,2,0,1,0,United Kingdom,0,Stable but Passive
13992,30,1,76.8,0,0,0,0,United Kingdom,3,At-Risk
13993,43,9,3409.6600000000003,4,0,0,0,United Kingdom,1,VIP Customer
13994,4,6,2274.14,0,0,0,0,United Kingdom,1,VIP Customer
13995,15,5,1383.49,1,0,0,0,United Kingdom,0,Stable but Passive
13999,10,12,3865.2599999999998,4,0,0,0,United Kingdom,1,VIP Customer
14000,211,1,633.7099999999999,1,0,0,0,United Kingdom,3,At-Risk
14001,46,3,2030.3300000000002,0,0,1,0,United Kingdom,0,Stable but Passive
14002,134,2,529.73,0,0,0,0,United Kingdom,3,At-Risk
14004,43,7,4582.64,0,0,0,0,United Kingdom,0,Stable but Passive
14005,10,5,2874.72,0,0,0,0,United Kingdom,1,VIP Customer
14006,116,3,962.19,0,0,0,0,United Kingdom,0,Stable but Passive
14009,198,2,685.9300000000001,2,0,0,0,United Kingdom,3,At-Risk
14012,278,1,328.8,0,0,0,0,United Kingdom,3,At-Risk
14013,110,3,473.02,0,0,0,0,United Kingdom,0,Stable but Passive
14014,77,1,505.18,0,0,0,0,United Kingdom,3,At-Risk
14015,53,1,917.34,0,0,0,0,United Kingdom,2,Occasional but Reachable
14016,162,4,4328.46,1,0,0,0,EIRE,0,Stable but Passive
14019,47,3,1398.9599999999998,2,0,0,0,United Kingdom,0,Stable but Passive
14020,17,2,642.8,0,0,0,0,United Kingdom,2,Occasional but Reachable
14021,155,3,631.9,0,0,0,0,United Kingdom,0,Stable but Passive
14022,225,1,440.0,0,0,0,0,United Kingdom,3,At-Risk
14023,7,2,584.07,0,0,0,0,United Kingdom,2,Occasional but Reachable
14024,122,2,327.7,0,0,0,0,United Kingdom,3,At-Risk
14027,61,1,104.82,0,0,0,0,United Kingdom,3,At-Risk
14029,63,2,467.66,0,0,0,0,United Kingdom,3,At-Risk
14030,18,8,2358.84,0,0,0,0,United Kingdom,1,VIP Customer
14031,7,19,14634.64,7,1,0,0,United Kingdom,1,VIP Customer
14032,2,11,2929.84,9,0,0,0,United Kingdom,1,VIP Customer
14034,22,3,509.09,3,0,0,0,United Kingdom,2,Occasional but Reachable
14035,29,5,1428.02,0,0,0,0,United Kingdom,0,Stable but Passive
14036,285,1,626.65,0,0,0,0,United Kingdom,3,At-Risk
14037,176,2,147.20000000000002,0,0,0,0,United Kingdom,3,At-Risk
14038,78,3,1554.48,1,0,0,0,United Kingdom,0,Stable but Passive
14039,33,1,152.2,0,0,0,0,United Kingdom,2,Occasional but Reachable
14040,41,12,3487.59,6,0,0,0,United Kingdom,1,VIP Customer
14041,266,1,141.41,0,0,0,0,United Kingdom,3,At-Risk
14044,27,4,646.42,0,0,0,0,United Kingdom,0,Stable but Passive
14045,109,4,1659.75,0,0,0,0,United Kingdom,0,Stable but Passive
14046,284,1,148.19,0,0,1,0,United Kingdom,3,At-Risk
14047,9,5,1290.0100000000002,2,0,0,0,United Kingdom,0,Stable but Passive
14048,305,1,375.13,3,0,0,0,United Kingdom,3,At-Risk
14049,17,4,5536.150000000001,17,0,0,0,United Kingdom,0,Stable but Passive
14050,32,2,746.36,0,0,0,0,United Kingdom,2,Occasional but Reachable
14051,1,23,15477.340000000002,5,0,0,0,United Kingdom,1,VIP Customer
14052,20,1,225.36,0,0,0,0,United Kingdom,2,Occasional but Reachable
14053,124,2,260.25,0,0,0,0,United Kingdom,3,At-Risk
14054,65,1,92.46,0,0,0,0,United Kingdom,3,At-Risk
14055,106,1,725.6400000000001,0,0,0,0,United Kingdom,3,At-Risk
14056,1,23,8062.46,21,0,1,0,United Kingdom,1,VIP Customer
14057,24,17,6141.099999999999,7,0,0,0,United Kingdom,1,VIP Customer
14059,267,1,183.6,0,0,0,0,United Kingdom,3,At-Risk
14060,5,19,6135.38,1,0,0,0,United Kingdom,1,VIP Customer
14062,10,12,10464.85,0,0,0,0,United Kingdom,1,VIP Customer
14064,29,5,1168.9199999999998,2,0,0,0,United Kingdom,0,Stable but Passive
14066,267,1,152.55,0,0,0,0,United Kingdom,3,At-Risk
14067,64,2,374.7,0,0,0,0,United Kingdom,3,At-Risk
14068,320,1,265.85,0,0,0,0,United Kingdom,3,At-Risk
14071,4,8,1276.52,9,0,2,0,United Kingdom,1,VIP Customer
14073,32,1,139.54,1,0,0,0,United Kingdom,2,Occasional but Reachable
14075,5,3,942.26,0,0,0,0,United Kingdom,2,Occasional but Reachable
14076,129,1,118.67,0,0,0,0,United Kingdom,3,At-Risk
14077,41,5,499.41999999999996,0,0,0,0,United Kingdom,0,Stable but Passive
14078,102,6,1049.37,0,0,0,0,United Kingdom,0,Stable but Passive
14079,125,1,375.1,0,0,0,0,United Kingdom,3,At-Risk
14080,33,1,45.599999999999994,0,0,0,0,United Kingdom,3,At-Risk
14081,302,2,891.77,3,0,0,0,United Kingdom,3,At-Risk
14082,365,1,182.25,0,0,0,0,United Kingdom,3,At-Risk
14083,4,9,1002.9,0,0,0,0,United Kingdom,1,VIP Customer
14085,2,18,4408.54,1,0,0,0,United Kingdom,1,VIP Customer
14087,3,1,178.72,1,0,0,0,United Kingdom,2,Occasional but Reachable
14088,10,13,50415.49,1,0,0,0,United Kingdom,1,VIP Customer
14089,57,1,158.75,0,0,0,0,United Kingdom,3,At-Risk
14090,325,1,76.32000000000001,0,0,0,0,United Kingdom,3,At-Risk
14092,8,14,4063.1,3,0,0,0,United Kingdom,1,VIP Customer
14093,12,1,433.86,0,0,0,0,United Kingdom,2,Occasional but Reachable
14096,4,17,57120.91,16,0,1,0,United Kingdom,1,VIP Customer
14098,37,1,147.35,0,0,0,0,United Kingdom,3,At-Risk
14099,16,11,3092.9700000000003,2,0,0,0,United Kingdom,1,VIP Customer
14100,138,1,191.95000000000002,0,0,0,0,United Kingdom,3,At-Risk
14101,74,6,5976.79,0,0,0,0,United Kingdom,0,Stable but Passive
14102,5,5,1060.33,5,0,0,0,United Kingdom,2,Occasional but Reachable
14104,155,2,216.20999999999998,0,0,0,0,United Kingdom,3,At-Risk
14105,239,1,1260.33,2,0,0,0,United Kingdom,3,At-Risk
14107,52,7,2688.48,1,0,0,0,United Kingdom,0,Stable but Passive
14108,31,2,594.16,1,0,0,0,United Kingdom,2,Occasional but Reachable
14109,73,1,80.19999999999999,5,0,0,0,United Kingdom,3,At-Risk
14110,4,12,5669.65,1,0,0,0,United Kingdom,1,VIP Customer
14111,14,4,688.6,1,0,0,0,United Kingdom,2,Occasional but Reachable
14112,23,7,2774.17,13,0,0,0,United Kingdom,1,VIP Customer
14113,4,4,1377.92,6,0,0,0,United Kingdom,2,Occasional but Reachable
14114,274,2,386.53,0,0,0,0,United Kingdom,3,At-Risk
14116,20,5,1382.74,0,0,0,0,United Kingdom,0,Stable but Passive
14117,144,1,90.0,0,0,0,0,United Kingdom,3,At-Risk
14121,4,4,2740.3,2,0,0,0,United Kingdom,1,VIP Customer
14124,84,1,419.58000000000004,0,0,0,0,United Kingdom,3,At-Risk
14125,11,3,2720.63,0,0,0,0,United Kingdom,0,Stable but Passive
14126,8,3,643.6300000000001,1,0,0,0,United Kingdom,2,Occasional but Reachable
14127,123,3,709.71,0,0,0,0,United Kingdom,0,Stable but Passive
14128,61,2,637.5,0,0,0,0,United Kingdom,0,Stable but Passive
14129,2,5,1123.8600000000001,0,0,0,0,United Kingdom,1,VIP Customer
14130,319,1,480.91,0,0,0,0,United Kingdom,3,At-Risk
14132,2,11,3580.1299999999997,1,0,0,0,United Kingdom,1,VIP Customer
14133,130,3,590.34,2,0,0,0,United Kingdom,0,Stable but Passive
14135,2,15,4690.31,0,0,0,0,United Kingdom,1,VIP Customer
14138,2,2,965.8800000000001,0,0,0,0,United Kingdom,2,Occasional but Reachable
14139,46,1,415.82,0,0,0,0,United Kingdom,3,At-Risk
14140,4,2,920.05,1,0,0,0,United Kingdom,2,Occasional but Reachable
14141,3,4,879.03,6,0,0,0,United Kingdom,2,Occasional but Reachable
14142,373,1,311.81,0,0,0,0,United Kingdom,3,At-Risk
14143,134,1,115.8,0,0,0,0,United Kingdom,3,At-Risk
14145,47,4,3148.2,1,0,0,0,United Kingdom,0,Stable but Passive
14146,9,5,2949.5699999999997,35,0,0,0,United Kingdom,1,VIP Customer
14147,78,2,468.4,1,0,0,0,United Kingdom,3,At-Risk
14148,234,1,157.2,0,0,0,0,United Kingdom,3,At-Risk
14149,221,1,259.43,12,0,0,0,United Kingdom,3,At-Risk
14150,36,2,658.64,0,0,0,0,United Kingdom,2,Occasional but Reachable
14152,75,2,611.0899999999999,1,0,0,0,United Kingdom,0,Stable but Passive
14154,239,2,1345.62,0,0,0,0,United Kingdom,0,Stable but Passive
14155,266,1,118.75,0,0,0,0,United Kingdom,3,At-Risk
14156,10,55,113214.59000000001,19,0,1,0,EIRE,1,VIP Customer
14157,20,2,392.44000000000005,1,0,0,0,United Kingdom,2,Occasional but Reachable
14158,40,1,507.66,0,0,0,0,United Kingdom,2,Occasional but Reachable
14159,20,11,4610.9,8,0,1,0,United Kingdom,1,VIP Customer
14161,216,3,1097.6200000000001,0,0,0,0,United Kingdom,0,Stable but Passive
14162,174,2,289.36,0,0,0,0,United Kingdom,3,At-Risk
14163,87,4,2445.91,0,0,0,0,United Kingdom,0,Stable but Passive
14164,71,2,1631.77,0,0,0,0,United Kingdom,0,Stable but Passive
14165,276,1,120.44,0,0,0,0,United Kingdom,3,At-Risk
14167,39,4,562.59,0,0,0,0,United Kingdom,0,Stable but Passive
14171,98,1,363.79,0,0,0,0,United Kingdom,3,At-Risk
14173,11,4,450.84,0,0,0,0,United Kingdom,2,Occasional but Reachable
14174,33,1,134.46,0,0,0,0,United Kingdom,3,At-Risk
14175,60,3,3108.0600000000004,15,0,0,0,United Kingdom,0,Stable but Passive
14176,297,4,574.0000000000001,1,0,0,0,United Kingdom,0,Stable but Passive
14177,86,4,544.51,1,0,0,0,United Kingdom,0,Stable but Passive
14178,9,7,1560.26,0,0,2,0,United Kingdom,1,VIP Customer
14179,41,2,701.57,0,0,0,0,United Kingdom,0,Stable but Passive
14180,11,25,4640.77,8,0,0,0,United Kingdom,1,VIP Customer
14184,67,1,452.89,0,0,0,0,United Kingdom,3,At-Risk
14185,331,1,197.65,0,0,0,0,United Kingdom,3,At-Risk
14188,31,6,2018.91,6,0,0,0,United Kingdom,0,Stable but Passive
14189,2,15,4604.3099999999995,12,0,0,0,United Kingdom,1,VIP Customer
14191,2,13,4660.01,4,0,0,0,United Kingdom,1,VIP Customer
14193,68,2,853.39,0,0,0,0,United Kingdom,0,Stable but Passive
14194,5,21,11216.75,25,0,0,0,United Kingdom,1,VIP Customer
14195,202,2,962.7,1,0,0,0,United Kingdom,3,At-Risk
14196,107,1,335.52,0,0,0,0,United Kingdom,3,At-Risk
14198,18,4,663.5,5,0,0,0,United Kingdom,2,Occasional but Reachable
14199,218,1,185.39999999999998,0,0,0,0,United Kingdom,3,At-Risk
14201,60,7,688.0400000000001,2,0,0,0,United Kingdom,0,Stable but Passive
14204,2,1,150.61,0,0,0,0,United Kingdom,2,Occasional but Reachable
14205,17,2,218.77999999999997,15,0,0,0,United Kingdom,2,Occasional but Reachable
14206,239,1,308.26,1,0,0,0,United Kingdom,3,At-Risk
14208,95,1,151.74,0,0,0,0,United Kingdom,3,At-Risk
14209,11,6,2067.1299999999997,1,0,0,0,United Kingdom,1,VIP Customer
14210,106,6,1900.89,1,0,0,0,United Kingdom,0,Stable but Passive
14211,53,9,2208.2999999999997,6,0,0,0,United Kingdom,0,Stable but Passive
14212,90,1,1070.48,0,0,0,0,United Kingdom,3,At-Risk
14214,31,5,1000.23,3,0,0,0,United Kingdom,0,Stable but Passive
14215,12,6,1777.92,1,0,0,0,United Kingdom,1,VIP Customer
14216,3,4,1839.3,0,0,0,0,United Kingdom,1,VIP Customer
14217,2,17,1925.3600000000001,7,0,0,0,United Kingdom,1,VIP Customer
14218,43,1,169.48000000000002,0,0,0,0,United Kingdom,3,At-Risk
14219,4,1,89.94,0,0,0,0,United Kingdom,2,Occasional but Reachable
14220,247,2,632.4,0,0,0,0,United Kingdom,3,At-Risk
14221,42,9,3427.8500000000004,1,0,0,0,United Kingdom,1,VIP Customer
14222,177,1,683.17,0,0,0,0,United Kingdom,3,At-Risk
14223,92,3,975.23,1,0,0,0,United Kingdom,0,Stable but Passive
14224,110,4,1009.73,0,0,0,0,United Kingdom,0,Stable but Passive
14226,29,5,2184.24,6,0,0,0,United Kingdom,0,Stable but Passive
14227,26,10,3315.71,8,0,0,0,United Kingdom,1,VIP Customer
14229,52,3,1450.6000000000001,3,0,0,0,United Kingdom,0,Stable but Passive
14231,184,3,822.0600000000001,4,0,0,0,United Kingdom,0,Stable but Passive
14232,43,5,2043.93,3,0,0,0,United Kingdom,0,Stable but Passive
14233,49,4,1447.51,1,0,0,0,United Kingdom,0,Stable but Passive
14234,22,4,754.12,0,0,0,0,United Kingdom,0,Stable but Passive
14235,75,5,3093.86,1,0,0,0,United Kingdom,0,Stable but Passive
14236,81,2,490.86,0,0,0,0,United Kingdom,3,At-Risk
14237,373,1,161.0,0,0,0,0,United Kingdom,3,At-Risk
14238,326,1,146.85,0,0,0,0,United Kingdom,3,At-Risk
14239,43,11,2323.5,4,0,0,0,United Kingdom,1,VIP Customer
14240,30,2,890.34,0,0,0,0,United Kingdom,2,Occasional but Reachable
14241,184,1,213.70000000000002,0,0,0,0,United Kingdom,3,At-Risk
14242,235,2,280.55,0,0,0,0,United Kingdom,3,At-Risk
14243,9,10,2535.88,7,0,0,0,United Kingdom,1,VIP Customer
14245,220,2,1677.48,4,0,0,0,United Kingdom,0,Stable but Passive
14246,111,3,1474.06,0,0,0,0,United Kingdom,0,Stable but Passive
14247,278,1,136.76999999999998,0,0,0,0,United Kingdom,3,At-Risk
14248,318,1,302.58,0,0,0,0,United Kingdom,3,At-Risk
14250,7,3,1904.05,0,0,0,0,United Kingdom,2,Occasional but Reachable
14251,2,5,2879.7000000000003,0,0,0,0,United Kingdom,1,VIP Customer
14256,260,2,935.0600000000001,1,0,0,0,United Kingdom,3,At-Risk
14257,64,5,3087.2700000000004,1,0,0,0,United Kingdom,0,Stable but Passive
14258,9,9,12650.08,1,0,0,0,United Kingdom,1,VIP Customer
14259,142,1,120.0,0,0,0,0,United Kingdom,3,At-Risk
14261,51,2,1163.45,0,0,0,0,United Kingdom,0,Stable but Passive
14262,8,8,2618.23,0,0,0,0,United Kingdom,1,VIP Customer
14264,155,2,319.47,2,0,0,0,United Kingdom,3,At-Risk
14265,109,2,530.18,0,0,0,0,Unspecified,3,At-Risk
14267,163,3,1279.09,11,0,0,0,United Kingdom,0,Stable but Passive
14270,332,1,492.65000000000003,0,0,0,0,United Kingdom,3,At-Risk
14271,226,1,112.32,0,0,0,0,United Kingdom,3,At-Risk
14272,74,2,437.96,0,0,0,0,United Kingdom,3,At-Risk
14273,51,4,559.97,0,0,0,0,United Kingdom,0,Stable but Passive
14276,99,3,1019.39,11,0,0,0,United Kingdom,0,Stable but Passive
14277,15,3,3928.8,3,0,0,0,France,0,Stable but Passive
14280,197,1,134.04,0,0,0,0,United Kingdom,3,At-Risk
14282,3,15,3701.44,0,0,0,0,United Kingdom,1,VIP Customer
14284,31,2,578.45,2,0,0,0,United Kingdom,2,Occasional but Reachable
14285,21,4,1910.01,0,0,0,0,United Kingdom,0,Stable but Passive
14286,24,3,4595.81,5,0,0,0,United Kingdom,0,Stable but Passive
14287,8,3,151.23,2,0,0,0,United Kingdom,2,Occasional but Reachable
14288,213,1,413.85,1,0,0,0,United Kingdom,3,At-Risk
14289,9,6,911.26,0,0,0,0,United Kingdom,1,VIP Customer
14290,11,5,2307.4500000000003,2,0,0,0,United Kingdom,1,VIP Customer
14291,2,11,3873.3,1,0,0,0,United Kingdom,1,VIP Customer
14292,8,9,4819.33,8,0,0,0,United Kingdom,1,VIP Customer
14293,3,4,1046.56,0,0,0,0,United Kingdom,2,Occasional but Reachable
14295,40,1,154.70000000000002,2,0,0,0,United Kingdom,3,At-Risk
14297,18,4,1284.06,2,0,0,0,United Kingdom,0,Stable but Passive
14298,8,44,50862.44,3,0,0,0,United Kingdom,1,VIP Customer
14299,8,9,2855.35,19,0,0,0,United Kingdom,1,VIP Customer
14300,19,1,43.2,0,0,0,0,United Kingdom,2,Occasional but Reachable
14301,117,1,632.04,3,0,0,0,United Kingdom,3,At-Risk
14304,223,1,197.09999999999997,10,0,0,0,United Kingdom,3,At-Risk
14305,71,3,1803.76,5,0,0,0,United Kingdom,0,Stable but Passive
14306,51,2,2083.42,2,0,0,0,United Kingdom,0,Stable but Passive
14307,89,6,2995.72,0,0,0,0,United Kingdom,0,Stable but Passive
14309,8,9,2319.6800000000003,6,0,0,0,United Kingdom,1,VIP Customer
14311,243,1,229.70999999999998,7,0,0,0,United Kingdom,3,At-Risk
14312,47,6,1611.59,0,0,0,0,United Kingdom,0,Stable but Passive
14314,107,1,120.0,0,0,0,0,United Kingdom,3,At-Risk
14315,45,6,2456.98,3,0,0,0,United Kingdom,0,Stable but Passive
14317,65,1,508.58000000000004,0,0,0,0,United Kingdom,3,At-Risk
14320,207,2,343.11,11,0,0,0,United Kingdom,3,At-Risk
14321,11,5,1530.75,0,0,0,0,United Kingdom,0,Stable but Passive
14323,115,2,574.2600000000001,5,0,0,0,United Kingdom,3,At-Risk
14326,242,1,166.85,1,0,0,0,United Kingdom,3,At-Risk
14327,163,1,311.65,0,0,0,0,United Kingdom,3,At-Risk
14329,17,7,4889.139999999999,10,0,0,0,United Kingdom,1,VIP Customer
14331,124,2,462.65999999999997,0,0,0,0,United Kingdom,3,At-Risk
14332,23,3,840.21,0,0,0,0,United Kingdom,0,Stable but Passive
14333,68,1,351.45,4,0,0,0,United Kingdom,3,At-Risk
14334,17,8,2539.46,1,0,0,0,United Kingdom,1,VIP Customer
14335,16,2,454.86,0,0,0,0,Germany,2,Occasional but Reachable
14336,17,4,1614.91,0,0,0,0,United Kingdom,0,Stable but Passive
14338,161,2,554.22,3,0,0,0,United Kingdom,3,At-Risk
14339,243,1,289.90999999999997,4,0,0,0,United Kingdom,3,At-Risk
14340,219,1,134.7,0,0,0,0,United Kingdom,3,At-Risk
14341,45,8,2151.08,1,0,0,0,United Kingdom,0,Stable but Passive
14342,21,4,607.71,3,0,0,0,United Kingdom,2,Occasional but Reachable
14344,127,8,889.9300000000001,0,0,0,0,United Kingdom,0,Stable but Passive
14345,39,1,108.97999999999999,0,0,0,0,United Kingdom,3,At-Risk
14346,121,2,1021.58,0,0,0,0,United Kingdom,0,Stable but Passive
14348,260,1,409.57,0,0,0,0,United Kingdom,3,At-Risk
14349,10,1,133.5,0,0,0,0,United Kingdom,2,Occasional but Reachable
14350,274,1,258.7,3,0,0,0,United Kingdom,3,At-Risk
14351,165,1,51.0,0,0,0,0,United Kingdom,3,At-Risk
14352,157,4,1078.96,0,0,0,0,United Kingdom,0,Stable but Passive
14353,215,1,90.6,0,0,0,0,United Kingdom,3,At-Risk
14354,6,2,163.62,0,0,0,0,United Kingdom,2,Occasional but Reachable
14355,366,1,174.4,0,0,0,0,United Kingdom,3,At-Risk
14356,80,2,666.94,5,0,0,0,United Kingdom,0,Stable but Passive
14357,43,1,225.12,0,0,0,0,United Kingdom,3,At-Risk
14359,19,3,882.5799999999999,3,0,0,0,United Kingdom,2,Occasional but Reachable
14360,32,4,2118.03,0,0,0,0,United Kingdom,0,Stable but Passive
14362,22,1,151.5,0,0,0,0,United Kingdom,2,Occasional but Reachable
14364,109,8,3717.35,0,0,0,0,United Kingdom,0,Stable but Passive
14367,8,16,9134.119999999999,9,0,0,0,United Kingdom,1,VIP Customer
14368,320,1,155.0,0,0,0,0,United Kingdom,3,At-Risk
14371,295,1,100.5,0,0,0,0,United Kingdom,3,At-Risk
14373,358,1,76.55,0,0,0,0,United Kingdom,3,At-Risk
14375,185,1,235.56,0,0,0,0,United Kingdom,3,At-Risk
14377,191,2,617.05,0,0,0,0,United Kingdom,3,At-Risk
14379,44,2,348.1,0,0,0,0,United Kingdom,2,Occasional but Reachable
14381,52,1,202.68,0,0,0,0,United Kingdom,3,At-Risk
14382,26,1,615.49,0,0,0,0,United Kingdom,2,Occasional but Reachable
14383,38,3,1247.69,0,0,0,0,United Kingdom,0,Stable but Passive
14385,9,3,202.11,0,0,0,0,United Kingdom,2,Occasional but Reachable
14386,297,1,142.4,0,0,0,0,United Kingdom,3,At-Risk
14387,33,3,1727.6,0,0,0,0,United Kingdom,0,Stable but Passive
14388,10,8,3172.04,5,0,0,0,United Kingdom,1,VIP Customer
14389,65,2,999.72,17,0,0,0,United Kingdom,0,Stable but Passive
14390,10,9,4582.219999999999,5,0,0,0,United Kingdom,1,VIP Customer
14393,218,1,67.95,0,0,0,0,United Kingdom,3,At-Risk
14395,2,9,3444.1099999999997,3,0,0,0,United Kingdom,1,VIP Customer
14396,65,2,487.99,0,0,0,0,United Kingdom,3,At-Risk
14397,3,19,2556.68,8,0,0,0,United Kingdom,1,VIP Customer
14400,149,1,559.7,1,0,0,0,United Kingdom,3,At-Risk
14401,4,13,4039.98,1,0,0,0,United Kingdom,1,VIP Customer
14403,130,4,1426.31,6,0,0,0,United Kingdom,0,Stable but Passive
14404,34,6,1409.72,1,0,0,0,United Kingdom,0,Stable but Passive
14406,119,1,156.75,0,0,0,0,United Kingdom,3,At-Risk
14407,107,6,2111.08,3,0,0,0,United Kingdom,0,Stable but Passive
14408,11,7,2599.03,0,0,0,0,United Kingdom,1,VIP Customer
14409,71,6,1908.2500000000002,1,0,0,0,United Kingdom,0,Stable but Passive
14410,92,9,573.45,91,0,2,0,United Kingdom,0,Stable but Passive
14411,311,1,1063.0,0,0,0,0,United Kingdom,3,At-Risk
14412,43,2,761.3299999999999,2,0,0,0,United Kingdom,0,Stable but Passive
14413,362,1,121.05,0,0,0,0,United Kingdom,3,At-Risk
14414,92,7,1485.13,1,0,0,0,United Kingdom,0,Stable but Passive
14415,1,13,5766.849999999999,22,0,0,0,United Kingdom,1,VIP Customer
14416,22,2,490.22,0,0,0,0,United Kingdom,2,Occasional but Reachable
14418,4,3,1937.25,0,0,0,0,United Kingdom,2,Occasional but Reachable
14419,11,6,1051.79,0,0,0,0,United Kingdom,0,Stable but Passive
14420,99,1,385.87,1,0,0,0,United Kingdom,3,At-Risk
14421,57,2,813.11,0,0,0,0,United Kingdom,0,Stable but Passive
14422,1,6,4263.64,0,0,0,0,United Kingdom,1,VIP Customer
14423,218,1,265.2,0,0,0,0,United Kingdom,3,At-Risk
14424,18,1,322.08,0,0,0,0,United Kingdom,2,Occasional but Reachable
14426,24,10,3918.9,40,0,0,0,United Kingdom,1,VIP Customer
14427,50,2,363.34000000000003,0,0,0,0,United Kingdom,2,Occasional but Reachable
14428,7,5,1209.37,4,0,0,0,United Kingdom,1,VIP Customer
14431,303,1,423.26,4,0,0,0,United Kingdom,3,At-Risk
14432,10,6,2248.5,0,0,0,0,United Kingdom,1,VIP Customer
14434,22,6,1372.8,0,0,0,0,United Kingdom,0,Stable but Passive
14436,99,1,89.06,0,0,0,0,United Kingdom,3,At-Risk
14438,306,1,131.9,0,0,0,0,United Kingdom,3,At-Risk
14439,320,1,2661.24,0,0,0,0,Greece,0,Stable but Passive
14440,8,5,2357.6800000000003,0,0,0,0,United Kingdom,1,VIP Customer
14441,1,4,1545.14,8,0,0,0,United Kingdom,1,VIP Customer
14442,205,2,1544.62,5,0,0,0,Channel Islands,0,Stable but Passive
14443,54,4,1400.88,5,0,0,0,United Kingdom,0,Stable but Passive
14446,1,4,1000.75,0,0,1,0,United Kingdom,2,Occasional but Reachable
14447,19,5,1163.23,0,0,0,0,United Kingdom,0,Stable but Passive
14448,9,2,375.35,0,0,0,0,United Kingdom,2,Occasional but Reachable
14449,19,4,885.8,0,0,0,0,United Kingdom,0,Stable but Passive
14450,181,3,483.25,0,0,0,0,United Kingdom,3,At-Risk
14451,60,2,643.9,0,0,0,0,United Kingdom,0,Stable but Passive
14452,11,2,259.05,0,0,0,0,United Kingdom,2,Occasional but Reachable
14453,190,1,119.93,0,0,0,0,United Kingdom,3,At-Risk
14456,5,9,2999.09,6,0,3,0,United Kingdom,1,VIP Customer
14457,311,1,113.64,0,0,0,0,United Kingdom,3,At-Risk
14459,155,1,1837.92,0,0,0,0,United Kingdom,0,Stable but Passive
14460,110,3,383.34,1,0,0,0,United Kingdom,3,At-Risk
14461,148,3,2102.28,0,0,1,0,United Kingdom,0,Stable but Passive
14462,66,11,1942.4499999999998,5,0,2,0,United Kingdom,0,Stable but Passive
14463,98,3,529.62,0,0,0,0,United Kingdom,0,Stable but Passive
14465,247,3,1038.44,0,0,0,0,United Kingdom,0,Stable but Passive
14466,29,7,2272.4,0,0,0,0,United Kingdom,0,Stable but Passive
14467,18,4,596.26,0,0,0,0,United Kingdom,2,Occasional but Reachable
14470,12,2,461.19,0,0,0,0,United Kingdom,2,Occasional but Reachable
14472,104,8,1852.67,0,0,0,0,United Kingdom,0,Stable but Passive
14473,74,2,234.34000000000003,0,0,0,0,United Kingdom,3,At-Risk
14474,46,1,537.7099999999999,1,0,0,0,United Kingdom,2,Occasional but Reachable
14475,72,3,799.82,5,0,0,0,United Kingdom,0,Stable but Passive
14476,257,1,193.0,0,0,0,0,United Kingdom,3,At-Risk
14477,20,4,1307.81,1,0,0,0,United Kingdom,0,Stable but Passive
14479,254,2,316.25,0,0,0,0,United Kingdom,3,At-Risk
14480,11,1,279.05,0,0,0,0,United Kingdom,2,Occasional but Reachable
14481,165,2,636.51,0,0,0,0,United Kingdom,3,At-Risk
14482,18,6,2022.81,0,0,0,0,United Kingdom,0,Stable but Passive
14483,282,1,129.2,1,0,0,0,United Kingdom,3,At-Risk
14484,50,1,321.92,0,0,0,0,United Kingdom,3,At-Risk
14485,39,1,162.8,0,0,0,0,United Kingdom,3,At-Risk
14487,27,6,1152.73,1,0,0,0,United Kingdom,0,Stable but Passive
14488,68,1,1047.43,3,0,0,0,United Kingdom,0,Stable but Passive
14489,207,1,463.38,0,0,0,0,United Kingdom,3,At-Risk
14491,175,2,340.93,0,0,0,0,United Kingdom,3,At-Risk
14493,7,5,2362.84,3,0,0,0,United Kingdom,1,VIP Customer
14494,26,1,139.56,0,0,0,0,United Kingdom,2,Occasional but Reachable
14495,51,2,123.8,0,0,0,0,United Kingdom,3,At-Risk
14496,312,2,538.8100000000001,0,0,0,0,United Kingdom,3,At-Risk
14497,309,1,457.47,2,0,0,0,United Kingdom,3,At-Risk
14498,43,5,1957.32,0,0,0,0,United Kingdom,0,Stable but Passive
14499,26,3,808.44,0,0,0,0,United Kingdom,0,Stable but Passive
14500,88,3,356.85,0,0,0,0,United Kingdom,3,At-Risk
14501,184,2,190.31,2,0,0,0,United Kingdom,3,At-Risk
14502,20,11,2304.1,7,0,1,0,United Kingdom,1,VIP Customer
14503,3,6,3543.26,0,0,0,0,United Kingdom,1,VIP Customer
14504,47,4,673.26,0,0,0,0,United Kingdom,0,Stable but Passive
14505,17,8,5772.490000000001,4,0,0,0,United Kingdom,1,VIP Customer
14506,17,5,1960.65,0,0,0,0,United Kingdom,0,Stable but Passive
14507,24,6,1352.88,2,0,0,0,United Kingdom,0,Stable but Passive
14508,22,2,268.05,0,0,0,0,United Kingdom,2,Occasional but Reachable
14511,11,5,1267.4099999999999,3,0,0,0,United Kingdom,0,Stable but Passive
14512,188,2,275.28,0,0,0,0,United Kingdom,3,At-Risk
14513,101,3,438.49,6,0,0,0,United Kingdom,0,Stable but Passive
14514,61,3,990.2,0,0,0,0,United Kingdom,0,Stable but Passive
14515,18,6,2076.89,0,0,0,0,United Kingdom,0,Stable but Passive
14517,33,2,330.45,0,0,0,0,United Kingdom,2,Occasional but Reachable
14518,64,1,174.37,0,0,0,0,United Kingdom,3,At-Risk
14520,2,2,270.6,0,0,0,0,United Kingdom,2,Occasional but Reachable
14522,24,4,974.54,0,0,0,0,United Kingdom,0,Stable but Passive
14523,108,1,241.09,0,0,0,0,United Kingdom,3,At-Risk
14524,32,9,1843.83,0,0,0,0,United Kingdom,1,VIP Customer
14525,20,9,4105.07,6,0,1,0,United Kingdom,1,VIP Customer
14527,3,55,7709.689999999999,3,35,2,0,United Kingdom,1,VIP Customer
14528,37,1,364.21999999999997,0,0,0,0,United Kingdom,2,Occasional but Reachable
14529,60,3,578.61,0,0,0,0,United Kingdom,0,Stable but Passive
14530,26,6,2862.11,0,0,0,0,United Kingdom,0,Stable but Passive
14532,236,4,932.85,0,0,0,0,United Kingdom,0,Stable but Passive
14533,25,7,1812.62,3,0,0,0,United Kingdom,0,Stable but Passive
14534,3,18,4022.2999999999997,39,0,1,0,United Kingdom,1,VIP Customer
14535,60,3,2831.7400000000002,3,0,0,0,United Kingdom,0,Stable but Passive
14536,260,1,170.95,0,0,0,0,United Kingdom,3,At-Risk
14537,58,1,355.56,0,0,0,0,United Kingdom,3,At-Risk
14538,65,2,388.25,0,0,0,0,United Kingdom,3,At-Risk
14539,16,2,537.48,0,0,0,0,United Kingdom,2,Occasional but Reachable
14540,10,3,952.66,0,0,0,0,United Kingdom,2,Occasional but Reachable
14541,59,8,1453.35,0,0,0,0,United Kingdom,0,Stable but Passive
14542,186,1,103.25,0,0,0,0,United Kingdom,3,At-Risk
14543,29,16,2916.1699999999996,30,0,6,0,United Kingdom,1,VIP Customer
14544,24,2,2004.3,0,0,0,0,United Kingdom,0,Stable but Passive
14546,5,5,2482.8599999999997,18,0,0,0,United Kingdom,1,VIP Customer
14547,4,8,3953.95,1,0,0,0,United Kingdom,1,VIP Customer
14548,151,2,652.8,0,0,0,0,United Kingdom,3,At-Risk
14549,311,1,289.24,0,0,0,0,United Kingdom,3,At-Risk
14550,11,2,757.37,0,0,0,0,United Kingdom,2,Occasional but Reachable
14551,18,2,186.23,0,0,0,0,United Kingdom,2,Occasional but Reachable
14552,152,1,164.22,0,0,0,0,United Kingdom,3,At-Risk
14553,19,5,859.27,0,0,0,0,United Kingdom,0,Stable but Passive
14554,10,4,2279.4900000000002,0,0,0,0,United Kingdom,0,Stable but Passive
14555,57,2,312.54,0,0,0,0,United Kingdom,3,At-Risk
14557,85,1,0.0,16,0,0,0,United Kingdom,3,At-Risk
14560,7,22,2174.18,2,0,0,0,United Kingdom,1,VIP Customer
14561,76,3,1080.76,0,0,0,0,United Kingdom,0,Stable but Passive
14562,4,18,4676.62,21,0,1,0,United Kingdom,1,VIP Customer
14565,96,4,3073.77,2,0,0,0,United Kingdom,0,Stable but Passive
14566,111,1,1432.0,0,0,0,0,Channel Islands,0,Stable but Passive
14567,57,2,1524.46,1,0,0,0,United Kingdom,0,Stable but Passive
14569,1,1,227.39,0,0,0,0,United Kingdom,2,Occasional but Reachable
14570,281,2,216.36,0,0,1,0,United Kingdom,3,At-Risk
14572,3,7,2775.39,3,0,0,0,United Kingdom,1,VIP Customer
14573,180,9,1590.12,6,0,0,0,United Kingdom,0,Stable but Passive
14576,372,1,35.400000000000006,0,0,0,0,United Kingdom,3,At-Risk
14577,13,4,859.71,0,0,0,0,United Kingdom,2,Occasional but Reachable
14578,3,1,168.63,0,0,0,0,United Kingdom,2,Occasional but Reachable
14581,17,1,138.6,0,0,0,0,United Kingdom,2,Occasional but Reachable
14582,41,1,114.11,0,0,0,0,United Kingdom,3,At-Risk
14583,6,5,986.96,0,0,0,0,United Kingdom,2,Occasional but Reachable
14584,169,4,1020.06,1,0,0,0,United Kingdom,0,Stable but Passive
14585,50,1,157.05,0,0,0,0,United Kingdom,3,At-Risk
14586,277,1,134.16000000000003,8,0,0,0,United Kingdom,3,At-Risk
14587,19,9,1577.3899999999999,1,0,0,0,United Kingdom,1,VIP Customer
14589,372,1,39.75,0,0,0,0,United Kingdom,3,At-Risk
14591,15,4,1320.21,0,0,0,0,United Kingdom,0,Stable but Passive
14592,35,3,557.94,0,0,0,0,United Kingdom,0,Stable but Passive
14593,22,3,617.15,0,0,0,0,United Kingdom,2,Occasional but Reachable
14594,7,2,363.33,0,0,0,0,United Kingdom,2,Occasional but Reachable
14595,20,6,1740.6,0,0,0,0,United Kingdom,0,Stable but Passive
14597,11,2,866.24,0,0,0,0,United Kingdom,2,Occasional but Reachable
14598,44,1,221.97,0,0,0,0,United Kingdom,3,At-Risk
14600,306,1,393.33000000000004,0,0,0,0,United Kingdom,3,At-Risk
14601,11,1,213.96,0,0,0,0,United Kingdom,2,Occasional but Reachable
14603,275,1,660.0,0,0,0,0,United Kingdom,3,At-Risk
14606,1,92,11609.85,81,0,2,0,United Kingdom,1,VIP Customer
14607,16,12,8605.1,28,0,3,0,United Kingdom,1,VIP Customer
14608,4,4,1785.15,0,0,0,0,United Kingdom,1,VIP Customer
14609,72,4,601.56,0,0,0,0,United Kingdom,0,Stable but Passive
14616,243,3,406.08000000000004,0,0,0,0,United Kingdom,3,At-Risk
14618,9,3,538.59,1,0,0,0,United Kingdom,2,Occasional but Reachable
14619,246,1,379.51,2,0,0,0,United Kingdom,3,At-Risk
14620,206,2,393.28000000000003,4,0,0,0,United Kingdom,3,At-Risk
14621,1,5,1765.7600000000002,4,0,0,0,United Kingdom,1,VIP Customer
14622,185,1,320.58000000000004,0,0,0,0,United Kingdom,3,At-Risk
14623,32,5,857.44,1,0,1,0,United Kingdom,0,Stable but Passive
14624,57,2,225.85,0,0,0,0,United Kingdom,3,At-Risk
14625,196,2,848.48,4,0,0,0,United Kingdom,3,At-Risk
14626,24,4,2757.07,4,0,0,0,United Kingdom,0,Stable but Passive
14628,91,2,671.96,0,0,0,0,United Kingdom,0,Stable but Passive
14629,4,2,935.46,1,0,0,0,United Kingdom,2,Occasional but Reachable
14631,51,3,1006.98,0,0,0,0,United Kingdom,0,Stable but Passive
14632,263,1,114.56,0,0,0,0,United Kingdom,3,At-Risk
14633,266,1,344.90000000000003,0,0,0,0,United Kingdom,3,At-Risk
14636,36,2,609.85,0,0,0,0,United Kingdom,2,Occasional but Reachable
14638,51,1,443.6,0,0,0,0,United Kingdom,3,At-Risk
14639,52,6,2952.3399999999997,3,0,0,0,United Kingdom,0,Stable but Passive
14640,24,6,2024.45,7,0,0,0,United Kingdom,0,Stable but Passive
14641,22,1,110.46,0,0,0,0,United Kingdom,2,Occasional but Reachable
14642,59,1,96.12,0,0,0,0,United Kingdom,3,At-Risk
14643,170,2,668.61,3,0,0,0,United Kingdom,3,At-Risk
14644,68,2,780.46,3,0,0,0,United Kingdom,0,Stable but Passive
14645,157,2,597.09,0,0,0,0,United Kingdom,3,At-Risk
14646,2,74,279489.02,3,1,1,0,Netherlands,1,VIP Customer
14647,201,1,236.04000000000002,0,0,0,0,United Kingdom,3,At-Risk
14649,5,4,1402.59,0,0,0,0,United Kingdom,2,Occasional but Reachable
14651,67,2,653.75,0,0,0,0,United Kingdom,0,Stable but Passive
14652,77,1,114.18,0,0,0,0,United Kingdom,3,At-Risk
14653,1,7,1906.75,0,0,1,0,United Kingdom,1,VIP Customer
14655,8,4,1930.15,1,0,0,0,United Kingdom,1,VIP Customer
14656,169,2,291.05,0,0,0,0,United Kingdom,3,At-Risk
14657,18,4,838.27,1,0,0,0,United Kingdom,0,Stable but Passive
14658,5,2,247.15,0,0,0,0,United Kingdom,2,Occasional but Reachable
14659,9,9,2456.5299999999997,6,0,0,0,United Kingdom,1,VIP Customer
14660,87,2,285.74,0,0,0,0,United Kingdom,3,At-Risk
14661,27,1,107.95,0,0,0,0,United Kingdom,2,Occasional but Reachable
14662,29,4,741.37,0,0,0,0,United Kingdom,0,Stable but Passive
14664,20,2,636.24,0,0,0,0,United Kingdom,2,Occasional but Reachable
14665,61,5,1258.38,27,0,0,0,United Kingdom,0,Stable but Passive
14666,24,1,164.64999999999998,0,0,1,0,United Kingdom,2,Occasional but Reachable
14667,11,25,9156.54,3,0,1,0,United Kingdom,1,VIP Customer
14669,242,3,1259.24,0,0,0,0,United Kingdom,0,Stable but Passive
14670,280,2,392.86,0,0,0,0,United Kingdom,3,At-Risk
14672,235,2,765.55,0,0,0,0,United Kingdom,3,At-Risk
14673,3,5,1736.4,0,0,0,0,United Kingdom,1,VIP Customer
14675,16,1,596.36,0,0,0,0,United Kingdom,2,Occasional but Reachable
14676,31,6,2543.2400000000002,2,0,0,0,United Kingdom,0,Stable but Passive
14680,25,16,26932.34,62,0,0,0,United Kingdom,1,VIP Customer
14681,71,3,498.95,0,0,0,0,United Kingdom,0,Stable but Passive
14682,188,2,52.0,0,0,0,0,United Kingdom,3,At-Risk
14684,26,5,1201.51,0,0,0,0,United Kingdom,0,Stable but Passive
14687,107,1,628.38,0,0,0,0,United Kingdom,3,At-Risk
14688,8,21,5055.610000000001,32,0,0,0,United Kingdom,1,VIP Customer
14689,209,1,112.8,0,0,0,0,United Kingdom,3,At-Risk
14690,44,2,341.96000000000004,4,0,0,0,United Kingdom,2,Occasional but Reachable
14691,31,5,2114.33,0,0,0,0,United Kingdom,0,Stable but Passive
14692,137,4,582.05,1,0,0,0,United Kingdom,0,Stable but Passive
14693,265,1,172.9,0,0,0,0,United Kingdom,3,At-Risk
14696,4,7,2070.97,3,0,0,0,United Kingdom,1,VIP Customer
14697,218,2,188.60999999999999,0,0,0,0,United Kingdom,3,At-Risk
14698,2,5,1217.27,0,0,0,0,United Kingdom,1,VIP Customer
14699,214,1,109.13000000000001,0,0,0,0,United Kingdom,3,At-Risk
14700,32,3,2195.1,0,0,0,0,United Kingdom,0,Stable but Passive
14701,11,9,2462.94,15,0,0,0,United Kingdom,1,VIP Customer
14702,1,17,3210.29,1,0,0,0,United Kingdom,1,VIP Customer
14703,15,1,318.17,0,0,0,0,United Kingdom,2,Occasional but Reachable
14704,11,9,1489.2800000000002,0,0,1,0,United Kingdom,1,VIP Customer
14705,199,1,179.0,0,0,0,0,United Kingdom,3,At-Risk
14708,3,3,1096.6699999999998,1,0,0,0,United Kingdom,2,Occasional but Reachable
14709,15,13,4911.14,1,0,0,0,United Kingdom,1,VIP Customer
14710,14,4,599.48,0,0,0,0,United Kingdom,2,Occasional but Reachable
14711,10,11,2809.02,2,0,0,0,United Kingdom,1,VIP Customer
14712,29,3,917.07,0,0,0,0,United Kingdom,0,Stable but Passive
14713,9,11,2660.1,2,0,0,0,United Kingdom,1,VIP Customer
14714,24,1,160.19,0,0,0,0,United Kingdom,2,Occasional but Reachable
14715,25,4,867.38,0,0,0,0,United Kingdom,0,Stable but Passive
14716,43,2,307.51,0,0,0,0,United Kingdom,2,Occasional but Reachable
14719,2,5,1571.8899999999999,1,0,0,0,United Kingdom,1,VIP Customer
14720,6,3,663.81,0,0,0,0,United Kingdom,2,Occasional but Reachable
14722,147,1,180.42000000000002,0,0,0,0,United Kingdom,3,At-Risk
14723,10,6,1118.96,0,0,1,0,United Kingdom,1,VIP Customer
14725,25,1,655.58,0,0,0,0,United Kingdom,2,Occasional but Reachable
14727,274,1,268.58,0,0,0,0,United Kingdom,3,At-Risk
14729,374,1,313.49,0,0,0,0,United Kingdom,3,At-Risk
14730,1,8,1897.57,0,0,0,0,United Kingdom,1,VIP Customer
14731,47,3,380.02,0,0,0,0,United Kingdom,2,Occasional but Reachable
14732,8,8,2686.34,2,0,0,0,United Kingdom,1,VIP Customer
14733,16,12,9451.539999999999,14,0,0,0,United Kingdom,1,VIP Customer
14735,4,32,5807.69,11,0,0,0,United Kingdom,1,VIP Customer
14737,4,3,1164.55,0,0,0,0,United Kingdom,2,Occasional but Reachable
14738,43,7,1289.94,2,0,0,0,United Kingdom,0,Stable but Passive
14739,4,7,3899.1000000000004,1,0,0,0,United Kingdom,1,VIP Customer
14740,197,3,1423.21,4,0,0,0,United Kingdom,0,Stable but Passive
14741,12,6,1400.34,0,0,0,0,United Kingdom,1,VIP Customer
14744,16,7,1088.53,2,0,0,0,United Kingdom,0,Stable but Passive
14745,113,5,1167.16,1,0,0,0,United Kingdom,0,Stable but Passive
14747,249,1,294.3,1,0,0,0,United Kingdom,3,At-Risk
14748,29,5,1311.79,3,0,0,0,United Kingdom,0,Stable but Passive
14752,44,1,389.64,0,0,0,0,United Kingdom,3,At-Risk
14753,87,1,563.15,0,0,0,0,United Kingdom,3,At-Risk
14754,45,2,638.05,0,0,0,0,United Kingdom,0,Stable but Passive
14755,10,11,4965.38,2,0,0,0,United Kingdom,1,VIP Customer
14756,15,1,738.96,0,0,0,0,United Kingdom,2,Occasional but Reachable
14757,75,1,420.5,0,0,0,0,United Kingdom,3,At-Risk
14758,145,4,1484.06,0,0,0,0,United Kingdom,0,Stable but Passive
14759,5,3,1625.97,0,0,0,0,United Kingdom,2,Occasional but Reachable
14760,297,1,53.8,2,0,0,0,United Kingdom,3,At-Risk
14761,59,2,255.9,0,0,0,0,United Kingdom,3,At-Risk
14762,264,1,300.52,0,0,0,0,United Kingdom,3,At-Risk
14764,47,1,250.55,1,0,0,0,United Kingdom,3,At-Risk
14765,29,3,254.11,0,0,0,0,United Kingdom,2,Occasional but Reachable
14766,8,6,2423.0699999999997,2,0,0,0,United Kingdom,1,VIP Customer
14768,17,2,139.50000000000003,1,0,0,0,United Kingdom,2,Occasional but Reachable
14769,3,8,10380.53,4,0,1,0,United Kingdom,1,VIP Customer
14770,232,2,876.42,0,0,0,0,United Kingdom,3,At-Risk
14772,112,1,139.26,0,0,0,0,United Kingdom,3,At-Risk
14775,58,3,1011.9,0,0,0,0,United Kingdom,0,Stable but Passive
14776,51,11,2195.58,17,0,0,0,United Kingdom,1,VIP Customer
14778,127,2,730.86,0,0,0,0,United Kingdom,3,At-Risk
14779,281,3,386.15,0,0,0,0,United Kingdom,3,At-Risk
14780,55,2,447.68,0,0,0,0,United Kingdom,3,At-Risk
14782,320,1,200.10000000000002,0,0,0,0,United Kingdom,3,At-Risk
14784,26,2,289.99,0,0,0,0,United Kingdom,2,Occasional but Reachable
14785,10,2,77.4,0,0,0,0,United Kingdom,2,Occasional but Reachable
14788,7,2,679.4399999999999,0,0,0,0,United Kingdom,2,Occasional but Reachable
14789,29,1,197.64,0,0,0,0,United Kingdom,2,Occasional but Reachable
14790,17,4,745.06,0,0,0,0,United Kingdom,2,Occasional but Reachable
14792,64,1,0.0,2,0,0,0,United Kingdom,3,At-Risk
14793,21,1,214.14000000000001,1,0,0,0,United Kingdom,2,Occasional but Reachable
14794,3,7,1272.1100000000001,2,0,0,0,United Kingdom,1,VIP Customer
14795,166,1,131.45000000000002,0,0,0,0,United Kingdom,3,At-Risk
14796,1,17,7789.39,24,0,1,0,United Kingdom,1,VIP Customer
14798,53,3,173.74,0,0,0,0,United Kingdom,3,At-Risk
14799,51,1,157.7,0,0,0,0,United Kingdom,3,At-Risk
14800,48,12,4228.39,7,0,0,0,United Kingdom,1,VIP Customer
14801,61,1,189.34,0,0,0,0,United Kingdom,3,At-Risk
14803,162,3,845.55,0,0,0,0,United Kingdom,0,Stable but Passive
14804,9,1,353.27,0,0,0,0,United Kingdom,2,Occasional but Reachable
14805,15,4,546.4,0,0,0,0,United Kingdom,2,Occasional but Reachable
14806,75,1,193.39000000000001,0,0,0,0,United Kingdom,3,At-Risk
14808,40,8,2152.7999999999997,20,0,1,0,United Kingdom,0,Stable but Passive
14810,41,11,2085.33,0,0,0,0,United Kingdom,1,VIP Customer
14813,370,2,152.88,0,0,0,0,United Kingdom,3,At-Risk
14815,37,2,778.5,0,0,0,0,United Kingdom,0,Stable but Passive
14816,197,1,271.85,0,0,0,0,United Kingdom,3,At-Risk
14817,200,2,1110.34,0,0,0,0,United Kingdom,0,Stable but Passive
14818,74,3,657.8,0,0,0,0,United Kingdom,0,Stable but Passive
14819,64,2,272.07,0,0,0,0,United Kingdom,3,At-Risk
14820,21,4,507.29,0,0,0,0,United Kingdom,2,Occasional but Reachable
14821,367,1,48.800000000000004,0,0,0,0,United Kingdom,3,At-Risk
14823,180,3,321.43,0,0,0,0,United Kingdom,3,At-Risk
14824,10,4,1127.71,0,0,0,0,United Kingdom,2,Occasional but Reachable
14825,4,12,2221.01,0,0,0,0,United Kingdom,1,VIP Customer
14828,197,3,2139.76,0,0,0,0,United Kingdom,0,Stable but Passive
14829,29,4,644.65,3,0,0,0,United Kingdom,0,Stable but Passive
14830,53,1,187.18,0,0,1,0,United Kingdom,3,At-Risk
14834,18,6,1698.35,3,0,0,0,United Kingdom,0,Stable but Passive
14836,10,3,102.44999999999999,0,0,0,0,United Kingdom,2,Occasional but Reachable
14837,90,4,1641.2,2,0,0,0,United Kingdom,0,Stable but Passive
14840,268,1,62.85,0,0,0,0,United Kingdom,3,At-Risk
14841,53,6,3295.76,0,0,0,0,United Kingdom,0,Stable but Passive
14842,44,4,2456.8,13,0,0,0,United Kingdom,0,Stable but Passive
14844,64,4,3189.81,0,0,0,0,United Kingdom,0,Stable but Passive
14847,149,1,309.4,0,0,0,0,United Kingdom,3,At-Risk
14849,22,25,7904.28,4,0,0,0,United Kingdom,1,VIP Customer
14850,312,1,278.15,1,0,0,0,United Kingdom,3,At-Risk
14851,23,2,511.35,0,0,0,0,United Kingdom,2,Occasional but Reachable
14852,58,6,2836.69,0,0,0,0,United Kingdom,0,Stable but Passive
14853,24,2,463.05,1,0,0,0,United Kingdom,2,Occasional but Reachable
14854,78,7,2730.09,4,0,0,0,United Kingdom,0,Stable but Passive
14855,119,2,645.65,0,0,0,0,United Kingdom,3,At-Risk
14856,36,3,1290.53,0,0,0,0,United Kingdom,0,Stable but Passive
14857,60,2,1165.6499999999999,1,0,0,0,United Kingdom,0,Stable but Passive
14859,13,4,1352.04,1,0,0,0,United Kingdom,0,Stable but Passive
14860,19,1,168.62,1,0,0,0,United Kingdom,2,Occasional but Reachable
14861,52,1,125.79,0,0,0,0,United Kingdom,3,At-Risk
14862,26,2,841.1999999999999,0,0,0,0,United Kingdom,2,Occasional but Reachable
14863,29,1,266.76,0,0,0,0,United Kingdom,2,Occasional but Reachable
14865,7,2,52.2,0,0,0,0,United Kingdom,2,Occasional but Reachable
14866,11,12,14197.449999999999,4,0,0,0,United Kingdom,1,VIP Customer
14867,186,3,701.3299999999999,1,0,0,0,United Kingdom,0,Stable but Passive
14868,3,8,2939.6400000000003,3,0,0,0,United Kingdom,1,VIP Customer
14869,9,2,717.7,1,0,0,0,United Kingdom,2,Occasional but Reachable
14870,262,1,327.25,0,0,0,0,United Kingdom,3,At-Risk
14871,3,4,501.28000000000003,0,0,0,0,United Kingdom,2,Occasional but Reachable
14873,210,1,519.68,0,0,0,0,United Kingdom,3,At-Risk
14875,108,2,1448.72,2,0,1,0,United Kingdom,0,Stable but Passive
14878,13,9,1476.09,0,0,0,0,United Kingdom,1,VIP Customer
14880,77,3,690.59,0,0,0,0,United Kingdom,0,Stable but Passive
14881,20,1,255.4,0,0,0,0,United Kingdom,2,Occasional but Reachable
14882,27,2,589.7,0,0,0,0,United Kingdom,2,Occasional but Reachable
14883,19,6,756.64,1,0,0,0,United Kingdom,0,Stable but Passive
14885,132,1,765.3199999999999,0,0,0,0,United Kingdom,3,At-Risk
14886,253,1,364.8,0,0,0,0,United Kingdom,3,At-Risk
14887,79,1,1862.0,0,0,0,0,United Kingdom,0,Stable but Passive
14888,207,1,369.2,0,0,0,0,United Kingdom,3,At-Risk
14889,336,1,135.9,0,0,0,0,United Kingdom,3,At-Risk
14890,254,1,125.65,0,0,0,0,United Kingdom,3,At-Risk
14891,148,2,554.38,0,0,0,0,United Kingdom,3,At-Risk
14893,10,2,1237.8500000000001,0,0,0,0,United Kingdom,2,Occasional but Reachable
14894,85,1,655.75,0,0,0,0,United Kingdom,3,At-Risk
14895,8,20,11020.26,8,0,0,0,United Kingdom,1,VIP Customer
14896,205,2,468.77000000000004,0,0,0,0,United Kingdom,3,At-Risk
14897,8,4,1366.38,0,0,0,0,United Kingdom,2,Occasional but Reachable
14898,23,6,1194.11,3,0,0,0,United Kingdom,0,Stable but Passive
14901,11,9,1414.99,2,0,0,0,United Kingdom,1,VIP Customer
14902,26,1,314.11,4,0,0,0,United Kingdom,2,Occasional but Reachable
14903,21,5,2729.18,9,0,0,0,United Kingdom,0,Stable but Passive
14904,2,2,1025.44,0,0,0,0,United Kingdom,2,Occasional but Reachable
14905,158,2,599.9,1,0,0,0,United Kingdom,3,At-Risk
14907,3,7,3478.85,3,0,0,0,United Kingdom,1,VIP Customer
14908,74,1,277.8,0,0,0,0,United Kingdom,3,At-Risk
14910,3,4,389.86,5,0,0,0,United Kingdom,2,Occasional but Reachable
14911,1,199,132458.72999999998,223,1,4,0,EIRE,1,VIP Customer
14912,17,2,841.52,0,1,0,0,Italy,2,Occasional but Reachable
14913,36,4,1227.43,0,0,0,0,United Kingdom,0,Stable but Passive
14915,91,2,258.83000000000004,1,0,0,0,United Kingdom,3,At-Risk
14916,71,4,1264.84,2,0,0,0,United Kingdom,0,Stable but Passive
14918,116,2,1610.15,0,0,0,0,United Kingdom,0,Stable but Passive
14920,213,2,977.77,0,0,0,0,United Kingdom,3,At-Risk
14921,30,2,1316.07,0,0,0,0,United Kingdom,0,Stable but Passive
14923,51,1,749.1,0,0,0,0,United Kingdom,3,At-Risk
14924,246,1,310.05,0,0,0,0,United Kingdom,3,At-Risk
14929,32,1,223.88,0,0,0,0,United Kingdom,2,Occasional but Reachable
14930,109,3,2362.96,0,0,0,0,Channel Islands,0,Stable but Passive
14931,5,4,964.6800000000001,0,0,2,0,Channel Islands,2,Occasional but Reachable
14932,366,1,363.53,0,0,0,0,Channel Islands,3,At-Risk
14934,82,2,1888.8400000000001,1,0,0,0,Channel Islands,0,Stable but Passive
14935,297,1,1784.71,0,0,0,0,Channel Islands,3,At-Risk
14936,34,8,8117.42,2,0,0,0,Channel Islands,1,VIP Customer
14937,57,3,1617.63,1,0,0,0,Channel Islands,0,Stable but Passive
14944,30,12,5842.95,2,0,0,0,United Kingdom,1,VIP Customer
14946,14,1,100.9,0,0,0,0,United Kingdom,2,Occasional but Reachable
14947,72,2,290.82,0,0,0,0,United Kingdom,3,At-Risk
14948,23,6,1066.57,1,0,0,0,United Kingdom,0,Stable but Passive
14950,19,1,361.25,1,0,0,0,United Kingdom,2,Occasional but Reachable
14951,79,1,311.69,0,0,0,0,United Kingdom,3,At-Risk
14952,60,11,7912.79,11,0,0,0,United Kingdom,1,VIP Customer
14953,25,1,285.67,0,0,0,0,United Kingdom,2,Occasional but Reachable
14954,12,1,294.85,0,0,0,0,United Kingdom,2,Occasional but Reachable
14957,253,1,58.49,0,0,0,0,United Kingdom,3,At-Risk
14958,147,3,483.72999999999996,0,0,0,0,United Kingdom,3,At-Risk
14959,64,4,684.9699999999999,2,0,0,0,United Kingdom,0,Stable but Passive
14960,8,2,221.27,0,0,0,0,United Kingdom,2,Occasional but Reachable
14961,11,9,7006.58,5,0,0,0,United Kingdom,1,VIP Customer
14962,271,1,126.7,0,0,0,0,United Kingdom,3,At-Risk
14963,10,5,1472.34,0,0,0,0,United Kingdom,0,Stable but Passive
14964,247,1,206.21,0,0,0,0,United Kingdom,3,At-Risk
14965,96,2,596.09,0,0,0,0,United Kingdom,3,At-Risk
14966,15,1,183.02,0,0,0,0,United Kingdom,2,Occasional but Reachable
14967,50,1,463.8,0,0,0,0,United Kingdom,3,At-Risk
14968,30,1,147.59,0,0,0,0,United Kingdom,2,Occasional but Reachable
14970,68,4,1592.06,0,0,0,0,United Kingdom,0,Stable but Passive
14971,35,3,1097.98,0,0,0,0,United Kingdom,0,Stable but Passive
14972,128,1,114.77,0,0,0,0,United Kingdom,3,At-Risk
14973,107,3,1314.45,0,0,0,0,United Kingdom,0,Stable but Passive
14974,37,1,89.94,0,0,0,0,United Kingdom,3,At-Risk
14975,57,1,279.94,0,0,0,0,United Kingdom,3,At-Risk
14976,57,7,763.86,1,0,1,0,United Kingdom,0,Stable but Passive
14978,72,5,1921.3700000000001,0,0,0,0,United Kingdom,0,Stable but Passive
14981,246,1,102.12,0,0,0,0,United Kingdom,3,At-Risk
14984,19,2,202.37,0,0,0,0,United Kingdom,2,Occasional but Reachable
14985,198,2,292.01,0,0,0,0,United Kingdom,3,At-Risk
14987,16,2,326.4,0,0,0,0,United Kingdom,2,Occasional but Reachable
14988,212,1,334.54,0,0,0,0,United Kingdom,3,At-Risk
14995,39,2,231.98000000000002,0,0,0,0,United Kingdom,2,Occasional but Reachable
14997,46,3,540.9799999999999,1,0,0,0,United Kingdom,0,Stable but Passive
14998,170,2,414.87,0,0,0,0,United Kingdom,3,At-Risk
15000,48,1,490.52,0,0,0,0,United Kingdom,3,At-Risk
15002,116,4,1641.76,0,0,0,0,United Kingdom,0,Stable but Passive
15004,147,1,1219.99,0,0,1,0,United Kingdom,3,At-Risk
15005,16,28,6157.14,40,0,1,0,United Kingdom,1,VIP Customer
15006,51,1,470.48,0,0,1,0,United Kingdom,3,At-Risk
15007,159,1,156.91,0,0,0,0,United Kingdom,3,At-Risk
15009,12,3,1259.43,0,0,0,0,United Kingdom,2,Occasional but Reachable
15010,36,1,308.94,0,0,0,0,United Kingdom,2,Occasional but Reachable
15012,54,2,405.04,0,0,0,0,United Kingdom,3,At-Risk
15014,43,2,257.67,0,0,0,0,United Kingdom,2,Occasional but Reachable
15016,173,1,170.04,0,0,0,0,United Kingdom,3,At-Risk
15017,34,1,125.58,0,0,0,0,United Kingdom,3,At-Risk
15018,39,3,456.26000000000005,1,0,0,0,United Kingdom,2,Occasional but Reachable
15019,267,1,252.81,0,0,0,0,United Kingdom,3,At-Risk
15021,9,9,1829.23,7,0,0,0,United Kingdom,1,VIP Customer
15022,12,4,852.39,0,0,0,0,United Kingdom,2,Occasional but Reachable
15023,3,11,6643.01,1,0,2,0,United Kingdom,1,VIP Customer
15024,10,10,1636.43,0,0,0,0,United Kingdom,1,VIP Customer
15025,33,1,361.96,0,0,0,0,United Kingdom,2,Occasional but Reachable
15026,80,3,459.4,0,0,1,0,United Kingdom,0,Stable but Passive
15027,31,4,1051.9499999999998,2,0,0,0,United Kingdom,0,Stable but Passive
15028,8,4,627.13,0,0,0,0,United Kingdom,2,Occasional but Reachable
15030,72,2,518.28,0,0,0,0,United Kingdom,3,At-Risk
15031,4,4,653.19,0,0,0,0,United Kingdom,2,Occasional but Reachable
15032,256,3,4464.1,3,0,0,0,United Kingdom,0,Stable but Passive
15033,5,10,2534.93,3,0,1,0,United Kingdom,1,VIP Customer
15034,16,8,4243.21,6,0,0,0,United Kingdom,1,VIP Customer
15035,90,1,252.73000000000002,0,0,0,0,United Kingdom,3,At-Risk
15036,72,3,429.56,0,0,0,0,United Kingdom,0,Stable but Passive
15038,59,6,645.84,3,0,0,0,United Kingdom,0,Stable but Passive
15039,10,47,19638.59,6,0,0,0,United Kingdom,1,VIP Customer
15041,170,1,179.93,0,0,0,0,United Kingdom,3,At-Risk
15042,199,1,135.93,0,0,0,0,United Kingdom,3,At-Risk
15043,31,1,537.0,0,0,0,0,United Kingdom,2,Occasional but Reachable
15044,19,17,7563.88,8,0,0,0,United Kingdom,1,VIP Customer
15045,152,2,633.66,1,0,0,0,United Kingdom,3,At-Risk
15046,9,15,4902.76,1,0,1,0,United Kingdom,1,VIP Customer
15047,270,1,343.62,0,0,0,0,United Kingdom,3,At-Risk
15048,65,4,377.52,1,0,0,0,United Kingdom,0,Stable but Passive
15049,274,1,121.17000000000002,0,0,0,0,United Kingdom,3,At-Risk
15050,25,3,1682.77,2,0,0,0,United Kingdom,0,Stable but Passive
15051,23,3,1383.3600000000001,0,0,0,0,United Kingdom,0,Stable but Passive
15052,319,1,207.73000000000002,0,0,0,0,United Kingdom,3,At-Risk
15053,5,3,693.95,0,0,0,0,United Kingdom,2,Occasional but Reachable
15054,12,2,302.1,0,0,0,0,United Kingdom,2,Occasional but Reachable
15057,275,2,1489.5,0,0,0,0,United Kingdom,0,Stable but Passive
15058,25,11,2102.54,0,0,0,0,United Kingdom,1,VIP Customer
15059,41,9,1325.82,2,0,0,0,United Kingdom,0,Stable but Passive
15060,8,4,291.75,0,0,1,0,United Kingdom,2,Occasional but Reachable
15061,4,48,54228.74,6,0,1,0,United Kingdom,1,VIP Customer
15062,71,4,987.86,0,0,0,0,United Kingdom,0,Stable but Passive
15063,213,1,370.79999999999995,0,0,0,0,United Kingdom,3,At-Risk
15065,38,4,3135.98,3,0,0,0,United Kingdom,0,Stable but Passive
15066,53,1,760.59,11,0,0,0,United Kingdom,3,At-Risk
15067,78,3,1744.76,0,0,0,0,United Kingdom,0,Stable but Passive
15068,46,2,553.36,0,0,0,0,United Kingdom,2,Occasional but Reachable
15069,179,1,1109.53,0,0,0,0,United Kingdom,3,At-Risk
15070,373,1,106.2,0,0,0,0,United Kingdom,3,At-Risk
15071,94,2,982.07,0,0,0,0,United Kingdom,0,Stable but Passive
15073,10,3,612.4300000000001,22,0,0,0,United Kingdom,2,Occasional but Reachable
15074,105,1,735.67,0,0,0,0,United Kingdom,3,At-Risk
15075,78,1,773.03,0,0,0,0,United Kingdom,3,At-Risk
15076,173,1,880.85,0,0,0,0,United Kingdom,3,At-Risk
15078,7,32,9623.35,11,0,0,0,United Kingdom,1,VIP Customer
15079,213,4,893.66,1,0,0,0,United Kingdom,0,Stable but Passive
15081,22,5,487.35,2,0,0,0,United Kingdom,0,Stable but Passive
15083,257,1,88.2,0,0,0,0,United Kingdom,3,At-Risk
15087,282,1,306.94,0,0,0,0,United Kingdom,3,At-Risk
15088,21,2,1140.27,3,0,0,0,United Kingdom,2,Occasional but Reachable
15089,10,6,2420.84,0,0,0,0,United Kingdom,1,VIP Customer
15090,308,1,381.32,0,0,0,0,United Kingdom,3,At-Risk
15091,68,1,476.96,1,0,0,0,United Kingdom,3,At-Risk
15092,215,2,457.81,0,0,0,0,United Kingdom,3,At-Risk
15093,18,6,4410.14,4,0,0,0,United Kingdom,1,VIP Customer
15095,104,4,1364.6999999999998,2,0,0,0,United Kingdom,0,Stable but Passive
15096,43,1,219.39000000000001,0,0,0,0,United Kingdom,3,At-Risk
15097,4,1,248.08,0,0,0,0,United Kingdom,2,Occasional but Reachable
15098,182,3,649.5,1,0,1,0,United Kingdom,0,Stable but Passive
15099,84,1,410.48,0,0,0,0,United Kingdom,3,At-Risk
15100,334,3,635.1,3,0,0,0,United Kingdom,3,At-Risk
15101,9,2,310.03,1,0,0,0,United Kingdom,2,Occasional but Reachable
15103,31,2,703.36,0,0,0,0,United Kingdom,2,Occasional but Reachable
15104,197,2,968.64,2,0,0,0,United Kingdom,3,At-Risk
15105,18,7,2298.93,0,0,0,0,United Kingdom,1,VIP Customer
15106,18,5,1407.73,2,0,0,0,United Kingdom,0,Stable but Passive
15107,311,6,247.66,3,0,0,0,United Kingdom,3,At-Risk
15108,142,4,1291.75,1,0,0,0,European Community,0,Stable but Passive
15109,246,1,463.75,3,0,0,0,United Kingdom,3,At-Risk
15110,24,4,973.2,4,0,0,0,United Kingdom,0,Stable but Passive
15111,29,3,1567.48,0,0,0,0,United Kingdom,0,Stable but Passive
15113,10,3,3338.73,1,0,1,0,United Kingdom,0,Stable but Passive
15114,30,10,2760.56,0,0,0,0,United Kingdom,1,VIP Customer
15115,18,1,340.11,0,0,0,0,United Kingdom,2,Occasional but Reachable
15116,18,4,1352.75,0,0,0,0,United Kingdom,0,Stable but Passive
15117,15,5,1550.1299999999999,1,0,0,0,United Kingdom,0,Stable but Passive
15118,134,1,244.8,0,0,0,0,United Kingdom,3,At-Risk
15119,246,1,266.4,0,0,0,0,United Kingdom,3,At-Risk
15120,134,1,343.82,1,0,0,0,United Kingdom,3,At-Risk
15121,50,2,457.72,0,0,0,0,United Kingdom,2,Occasional but Reachable
15122,114,3,1612.1299999999999,5,0,0,0,United Kingdom,0,Stable but Passive
15123,7,2,2199.31,0,0,0,0,United Kingdom,2,Occasional but Reachable
15124,23,2,184.19,0,0,0,0,United Kingdom,2,Occasional but Reachable
15125,25,15,11117.05,13,0,0,0,United Kingdom,1,VIP Customer
15127,66,1,406.53,0,0,0,0,United Kingdom,3,At-Risk
15128,60,4,1419.54,9,0,0,0,United Kingdom,0,Stable but Passive
15129,50,11,3447.4,0,0,0,0,United Kingdom,1,VIP Customer
15130,170,1,330.11,0,0,0,0,United Kingdom,3,At-Risk
15132,18,5,977.9300000000001,0,0,0,0,United Kingdom,0,Stable but Passive
15133,128,3,982.42,0,0,0,0,United Kingdom,0,Stable but Passive
15134,15,8,1387.99,0,0,0,0,United Kingdom,1,VIP Customer
15135,239,1,127.15,1,0,0,0,United Kingdom,3,At-Risk
15136,3,4,1282.45,1,0,0,0,United Kingdom,2,Occasional but Reachable
15139,240,2,178.96,0,0,0,0,United Kingdom,3,At-Risk
15140,52,7,2350.0,1,0,0,0,United Kingdom,0,Stable but Passive
15142,46,1,498.74,0,0,0,0,United Kingdom,3,At-Risk
15143,226,1,259.45,0,0,0,0,United Kingdom,3,At-Risk
15144,8,17,6530.04,1,0,0,0,United Kingdom,1,VIP Customer
15145,4,4,1194.73,0,0,0,0,United Kingdom,2,Occasional but Reachable
15146,165,2,1313.66,4,0,0,0,United Kingdom,0,Stable but Passive
15147,240,1,608.65,1,0,0,0,United Kingdom,3,At-Risk
15148,11,1,301.29,0,0,0,0,United Kingdom,2,Occasional but Reachable
15149,134,1,520.8000000000001,0,0,0,0,United Kingdom,3,At-Risk
15150,17,10,5280.83,1,0,0,0,United Kingdom,1,VIP Customer
15152,10,13,4684.24,7,0,0,0,United Kingdom,1,VIP Customer
15153,31,1,329.25,0,0,0,0,United Kingdom,2,Occasional but Reachable
15154,75,1,224.73,4,0,0,0,United Kingdom,3,At-Risk
15156,1,3,961.49,0,0,0,0,United Kingdom,2,Occasional but Reachable
15157,4,3,1869.5,8,0,0,0,United Kingdom,2,Occasional but Reachable
15158,45,1,401.40000000000003,0,0,0,0,United Kingdom,3,At-Risk
15159,2,30,18573.68,10,0,0,0,United Kingdom,1,VIP Customer
15160,357,1,158.16,0,0,0,0,United Kingdom,3,At-Risk
15163,18,2,304.47,0,0,0,0,United Kingdom,2,Occasional but Reachable
15164,69,3,824.58,0,0,0,0,United Kingdom,0,Stable but Passive
15165,373,1,487.75,0,0,0,0,United Kingdom,3,At-Risk
15167,321,1,158.8,0,0,0,0,United Kingdom,3,At-Risk
15168,26,1,106.56,0,0,0,0,United Kingdom,2,Occasional but Reachable
15171,331,1,1034.5,2,0,0,0,United Kingdom,3,At-Risk
15172,9,5,1624.05,0,0,0,0,United Kingdom,1,VIP Customer
15174,323,1,135.75,0,0,0,0,United Kingdom,3,At-Risk
15175,72,1,224.14,0,0,0,0,United Kingdom,3,At-Risk
15178,260,1,40.5,0,0,0,0,United Kingdom,3,At-Risk
15179,18,5,2186.2,2,0,0,0,United Kingdom,0,Stable but Passive
15180,367,1,87.5,0,0,0,0,United Kingdom,3,At-Risk
15181,66,3,680.2799999999999,1,0,1,0,United Kingdom,0,Stable but Passive
15182,154,2,622.85,0,0,0,0,United Kingdom,3,At-Risk
15184,29,2,402.2,0,0,0,0,United Kingdom,2,Occasional but Reachable
15185,70,1,310.62,0,0,0,0,United Kingdom,3,At-Risk
15186,14,2,411.41,0,0,0,0,United Kingdom,2,Occasional but Reachable
15187,2,16,4670.08,2,0,0,0,United Kingdom,1,VIP Customer
15189,1,41,15802.14,20,0,0,0,United Kingdom,1,VIP Customer
15192,120,3,1044.32,0,0,0,0,United Kingdom,0,Stable but Passive
15193,61,1,499.32,0,0,0,0,United Kingdom,3,At-Risk
15194,3,15,7521.17,16,0,0,0,United Kingdom,1,VIP Customer
15195,3,1,3861.0,0,0,0,0,United Kingdom,2,Occasional but Reachable
15197,11,3,656.44,4,0,0,0,United Kingdom,2,Occasional but Reachable
15198,92,2,193.64,0,0,0,0,United Kingdom,3,At-Risk
15199,59,4,1268.7,0,0,0,0,United Kingdom,0,Stable but Passive
15201,87,5,927.8399999999999,28,0,0,0,United Kingdom,0,Stable but Passive
15203,26,6,1827.8,0,0,0,0,United Kingdom,0,Stable but Passive
15204,357,1,316.58,0,0,0,0,United Kingdom,3,At-Risk
15205,85,2,648.83,1,0,0,0,United Kingdom,0,Stable but Passive
15206,10,4,420.29999999999995,0,0,0,0,United Kingdom,2,Occasional but Reachable
15208,1,5,867.62,1,0,0,0,United Kingdom,2,Occasional but Reachable
15210,225,1,331.18,0,0,0,0,United Kingdom,3,At-Risk
15211,60,2,894.4100000000001,0,0,0,0,United Kingdom,0,Stable but Passive
15212,241,1,88.95,2,0,0,0,United Kingdom,3,At-Risk
15213,319,2,325.05,1,0,0,0,United Kingdom,3,At-Risk
15214,2,8,1661.44,0,0,0,0,United Kingdom,1,VIP Customer
15215,47,3,615.99,8,0,0,0,United Kingdom,0,Stable but Passive
15216,88,1,96.6,0,0,0,0,United Kingdom,3,At-Risk
15218,11,11,5756.89,0,0,0,0,United Kingdom,1,VIP Customer
15219,176,1,305.75,0,0,0,0,United Kingdom,3,At-Risk
15220,52,6,1758.92,2,0,0,0,United Kingdom,0,Stable but Passive
15221,366,1,114.10000000000002,6,0,0,0,United Kingdom,3,At-Risk
15222,319,1,585.0,0,0,0,0,United Kingdom,3,At-Risk
15223,226,2,454.9,12,0,0,0,United Kingdom,3,At-Risk
15224,358,2,310.47999999999996,2,0,0,0,United Kingdom,3,At-Risk
15225,234,1,409.40000000000003,0,0,0,0,United Kingdom,3,At-Risk
15226,311,1,154.41,0,0,0,0,United Kingdom,3,At-Risk
15227,37,5,1219.4,0,0,0,0,United Kingdom,0,Stable but Passive
15228,66,4,3376.96,1,0,0,0,United Kingdom,0,Stable but Passive
15230,239,2,429.6,0,0,0,0,United Kingdom,3,At-Risk
15232,113,2,612.06,0,0,0,0,United Kingdom,3,At-Risk
15234,277,1,197.0,0,0,0,0,United Kingdom,3,At-Risk
15235,218,12,2247.51,0,0,0,0,United Kingdom,0,Stable but Passive
15236,299,1,321.05,0,0,0,0,United Kingdom,3,At-Risk
15237,2,4,1412.32,0,0,0,0,United Kingdom,2,Occasional but Reachable
15238,29,3,1056.54,2,0,0,0,United Kingdom,0,Stable but Passive
15239,10,2,764.34,3,0,0,0,United Kingdom,2,Occasional but Reachable
15240,45,5,1685.57,5,0,0,0,United Kingdom,0,Stable but Passive
15241,67,8,1738.5900000000001,1,0,0,0,United Kingdom,0,Stable but Passive
15243,74,1,316.68,0,0,0,0,United Kingdom,3,At-Risk
15244,65,2,631.57,0,0,0,0,United Kingdom,0,Stable but Passive
15245,134,3,2515.84,0,0,0,0,United Kingdom,0,Stable but Passive
15246,238,2,514.15,0,0,0,0,United Kingdom,3,At-Risk
15247,122,1,356.0,0,0,0,0,United Kingdom,3,At-Risk
15249,32,13,6657.36,8,0,0,0,United Kingdom,1,VIP Customer
15251,9,11,10327.11,10,0,0,0,United Kingdom,1,VIP Customer
15252,36,2,740.78,0,0,0,0,United Kingdom,2,Occasional but Reachable
15253,16,5,915.3,2,0,0,0,United Kingdom,0,Stable but Passive
15254,127,1,300.36,0,0,0,0,United Kingdom,3,At-Risk
15255,67,1,890.85,0,0,0,0,United Kingdom,3,At-Risk
15256,149,1,98.45,0,0,0,0,United Kingdom,3,At-Risk
15257,283,1,232.14999999999998,1,0,0,0,United Kingdom,3,At-Risk
15258,169,2,623.16,0,0,0,0,United Kingdom,3,At-Risk
15260,100,7,1780.77,1,0,0,0,United Kingdom,0,Stable but Passive
15261,135,1,254.82,0,0,0,0,United Kingdom,3,At-Risk
15262,324,1,178.95000000000002,0,0,0,0,United Kingdom,3,At-Risk
15263,107,1,156.51,0,0,0,0,United Kingdom,3,At-Risk
15264,64,1,393.74,0,0,0,0,United Kingdom,3,At-Risk
15265,151,2,1506.1200000000001,0,0,0,0,United Kingdom,0,Stable but Passive
15266,338,1,119.3,0,0,0,0,United Kingdom,3,At-Risk
15267,22,5,1717.36,0,0,0,0,United Kingdom,0,Stable but Passive
15269,24,1,408.8,0,0,0,0,United Kingdom,2,Occasional but Reachable
15270,16,7,2298.2,7,0,0,0,United Kingdom,1,VIP Customer
15271,7,15,2472.09,1,0,0,0,United Kingdom,1,VIP Customer
15272,57,2,721.94,0,0,0,0,United Kingdom,0,Stable but Passive
15274,4,2,716.57,0,0,0,0,United Kingdom,2,Occasional but Reachable
15275,38,1,609.1899999999999,1,0,0,0,United Kingdom,2,Occasional but Reachable
15276,66,1,128.63,0,0,0,0,United Kingdom,3,At-Risk
15277,47,1,255.89999999999998,0,0,0,0,United Kingdom,3,At-Risk
15279,355,1,277.40999999999997,2,0,0,0,United Kingdom,3,At-Risk
15280,172,1,113.12,0,0,0,0,United Kingdom,3,At-Risk
15281,59,9,2239.9500000000003,11,0,0,0,United Kingdom,0,Stable but Passive
15286,50,1,240.55,0,0,0,0,United Kingdom,3,At-Risk
15287,22,2,485.24,1,0,0,0,United Kingdom,2,Occasional but Reachable
15288,43,5,2306.52,0,0,0,0,United Kingdom,0,Stable but Passive
15289,29,3,935.1,1,0,0,0,United Kingdom,0,Stable but Passive
15290,5,18,7803.77,8,0,0,0,United Kingdom,1,VIP Customer
15291,26,14,4506.51,6,0,1,0,United Kingdom,1,VIP Customer
15292,201,1,178.39,0,0,0,0,United Kingdom,3,At-Risk
15296,51,6,3610.31,6,0,0,0,United Kingdom,0,Stable but Passive
15297,10,3,635.0400000000001,2,0,0,0,United Kingdom,2,Occasional but Reachable
15298,2,12,3774.0999999999995,2,0,0,0,United Kingdom,1,VIP Customer
15299,67,6,3787.09,2,1,3,0,United Kingdom,0,Stable but Passive
15300,64,1,496.44,0,0,0,0,United Kingdom,3,At-Risk
15301,51,12,5007.72,4,0,0,0,United Kingdom,1,VIP Customer
15303,290,1,574.02,0,0,0,0,United Kingdom,3,At-Risk
15304,61,8,680.3000000000001,3,0,0,0,United Kingdom,0,Stable but Passive
15306,64,3,1174.35,0,0,0,0,United Kingdom,0,Stable but Passive
15307,96,1,205.3,0,0,0,0,United Kingdom,3,At-Risk
15308,274,1,302.27000000000004,2,0,0,0,United Kingdom,3,At-Risk
15311,1,91,59284.19,112,0,0,0,United Kingdom,1,VIP Customer
15312,75,4,921.1,1,0,0,0,United Kingdom,0,Stable but Passive
15313,110,1,52.0,0,0,0,0,United Kingdom,3,At-Risk
15314,199,1,327.97,0,0,0,0,United Kingdom,3,At-Risk
15315,64,2,551.54,1,0,0,0,United Kingdom,0,Stable but Passive
15316,327,1,165.0,0,0,0,0,United Kingdom,3,At-Risk
15318,4,1,312.62,0,0,0,0,United Kingdom,2,Occasional but Reachable
15319,284,1,204.5,0,0,0,0,United Kingdom,3,At-Risk
15320,44,1,267.13,0,0,0,0,United Kingdom,3,At-Risk
15321,71,3,2663.48,10,0,0,0,United Kingdom,0,Stable but Passive
15322,86,1,602.9699999999999,7,0,0,0,United Kingdom,3,At-Risk
15325,104,1,161.74,0,0,0,0,United Kingdom,3,At-Risk
15326,334,1,311.71,0,0,0,0,United Kingdom,3,At-Risk
15327,53,1,208.75,0,0,0,0,United Kingdom,3,At-Risk
15329,39,3,1005.5,4,0,1,0,United Kingdom,0,Stable but Passive
15330,32,2,714.96,0,0,0,0,United Kingdom,2,Occasional but Reachable
15332,366,4,1661.06,0,0,0,0,Lithuania,0,Stable but Passive
15333,208,1,1028.56,0,0,0,0,United Kingdom,3,At-Risk
15334,157,3,344.92,0,0,1,0,United Kingdom,3,At-Risk
15335,54,1,170.22,0,0,0,0,United Kingdom,3,At-Risk
15339,66,2,557.57,2,0,0,0,United Kingdom,0,Stable but Passive
15341,81,1,2020.52,0,0,0,0,United Kingdom,0,Stable but Passive
15342,130,1,391.76,2,0,0,0,United Kingdom,3,At-Risk
15343,87,1,364.5,0,0,0,0,United Kingdom,3,At-Risk
15344,1,3,476.58000000000004,6,0,0,0,United Kingdom,2,Occasional but Reachable
15345,46,1,367.69,3,0,0,0,United Kingdom,3,At-Risk
15346,333,1,252.42000000000002,0,0,0,0,United Kingdom,3,At-Risk
15347,366,1,201.60000000000002,0,0,0,0,United Kingdom,3,At-Risk
15348,72,1,158.04,0,0,0,0,United Kingdom,3,At-Risk
15349,158,2,463.90999999999997,0,0,0,0,United Kingdom,3,At-Risk
15350,373,1,115.65,0,0,0,0,United Kingdom,3,At-Risk
15351,12,7,1836.69,8,0,0,0,United Kingdom,1,VIP Customer
15353,255,2,770.12,0,0,0,0,United Kingdom,3,At-Risk
15355,29,2,277.05,0,0,0,0,United Kingdom,2,Occasional but Reachable
15356,31,10,2718.03,0,0,0,0,United Kingdom,1,VIP Customer
15358,5,22,8235.650000000001,9,0,0,0,United Kingdom,1,VIP Customer
15360,40,1,427.93,0,0,0,0,United Kingdom,2,Occasional but Reachable
15361,362,1,418.92,0,0,0,0,United Kingdom,3,At-Risk
15363,373,1,318.05,1,0,0,0,United Kingdom,3,At-Risk
15364,96,2,913.19,0,0,0,0,United Kingdom,0,Stable but Passive
15365,26,7,1330.45,36,0,1,0,United Kingdom,0,Stable but Passive
15366,75,2,602.51,0,0,0,0,United Kingdom,0,Stable but Passive
15367,57,4,1867.6899999999998,1,0,0,0,United Kingdom,0,Stable but Passive
15368,21,1,446.94000000000005,0,0,0,0,United Kingdom,2,Occasional but Reachable
15370,41,7,2360.55,1,0,0,0,United Kingdom,0,Stable but Passive
15372,137,1,2007.3999999999999,0,0,0,0,United Kingdom,0,Stable but Passive
15373,8,12,2213.1099999999997,5,0,0,0,United Kingdom,1,VIP Customer
15374,129,1,168.0,0,0,0,0,United Kingdom,3,At-Risk
15376,40,3,1221.56,0,0,0,0,United Kingdom,0,Stable but Passive
15379,169,7,3631.89,2,0,0,0,United Kingdom,0,Stable but Passive
15380,9,5,1682.3600000000001,1,0,0,0,United Kingdom,1,VIP Customer
15381,214,2,596.85,0,0,0,0,United Kingdom,3,At-Risk
15382,15,6,5927.86,4,0,0,0,United Kingdom,1,VIP Customer
15384,170,2,635.76,2,0,0,0,United Kingdom,3,At-Risk
15385,40,1,316.88,0,0,0,0,United Kingdom,2,Occasional but Reachable
15386,186,1,394.14,0,0,0,0,United Kingdom,3,At-Risk
15388,270,1,140.54,0,0,0,0,Canada,3,At-Risk
15389,172,1,500.0,0,0,0,0,United Kingdom,3,At-Risk
15392,5,4,1515.73,1,0,0,0,United Kingdom,2,Occasional but Reachable
15393,16,2,231.86,0,0,0,0,United Kingdom,2,Occasional but Reachable
15394,10,4,2183.54,0,0,0,0,United Kingdom,0,Stable but Passive
15395,326,1,107.45,0,0,0,0,United Kingdom,3,At-Risk
15396,113,1,288.18,0,0,0,0,United Kingdom,3,At-Risk
15397,290,1,94.0,0,0,0,0,United Kingdom,3,At-Risk
15398,16,2,1339.6299999999999,1,0,0,0,United Kingdom,2,Occasional but Reachable
15399,1,3,815.77,0,0,0,0,United Kingdom,2,Occasional but Reachable
15400,92,5,666.7,1,0,0,0,United Kingdom,0,Stable but Passive
15402,149,2,625.9300000000001,0,0,1,0,United Kingdom,3,At-Risk
15405,189,1,349.1,0,0,0,0,United Kingdom,3,At-Risk
15406,31,2,426.61,5,0,0,0,United Kingdom,2,Occasional but Reachable
15407,34,4,1046.74,0,0,0,0,United Kingdom,0,Stable but Passive
15408,264,1,267.18,0,0,0,0,United Kingdom,3,At-Risk
15410,84,8,3450.84,0,0,0,0,United Kingdom,0,Stable but Passive
15411,26,4,1336.43,1,0,0,0,United Kingdom,0,Stable but Passive
15412,171,1,190.53,0,0,0,0,United Kingdom,3,At-Risk
15414,10,3,774.9000000000001,0,0,0,0,United Kingdom,2,Occasional but Reachable
15415,313,1,559.61,0,0,0,0,United Kingdom,3,At-Risk
15416,65,4,3974.3700000000003,1,0,0,0,United Kingdom,0,Stable but Passive
15417,85,1,508.8,0,0,0,0,United Kingdom,3,At-Risk
15419,25,1,135.86,0,0,0,0,United Kingdom,2,Occasional but Reachable
15421,59,4,950.36,0,0,0,0,United Kingdom,0,Stable but Passive
15422,323,2,97.7,0,0,0,0,United Kingdom,3,At-Risk
15423,38,1,43.5,0,0,0,0,United Kingdom,3,At-Risk
15424,254,2,383.34,0,0,0,0,United Kingdom,3,At-Risk
15426,19,5,1386.58,8,0,0,0,United Kingdom,0,Stable but Passive
15427,33,3,1430.54,0,0,0,0,United Kingdom,0,Stable but Passive
15428,15,1,93.78,0,0,0,0,United Kingdom,2,Occasional but Reachable
15429,27,2,364.90000000000003,1,0,0,0,United Kingdom,2,Occasional but Reachable
15432,23,1,171.19,0,0,0,0,United Kingdom,2,Occasional but Reachable
15433,214,2,417.86999999999995,12,0,0,0,United Kingdom,3,At-Risk
15434,8,5,997.48,4,0,0,0,United Kingdom,2,Occasional but Reachable
15435,22,1,149.29,0,0,0,0,United Kingdom,2,Occasional but Reachable
15436,12,3,1067.75,0,0,0,0,United Kingdom,2,Occasional but Reachable
15437,262,1,200.16,0,0,0,0,United Kingdom,3,At-Risk
15438,131,1,156.57999999999998,0,0,0,0,United Kingdom,3,At-Risk
15440,55,3,383.68,0,0,0,0,United Kingdom,0,Stable but Passive
15442,249,1,594.0,0,0,0,0,United Kingdom,3,At-Risk
15443,2,7,3188.84,3,0,0,0,United Kingdom,1,VIP Customer
15444,9,2,1411.21,0,0,0,0,United Kingdom,2,Occasional but Reachable
15445,264,1,113.5,0,0,0,0,United Kingdom,3,At-Risk
15447,331,1,155.17,0,0,0,0,United Kingdom,3,At-Risk
15448,313,1,494.64,0,0,0,0,United Kingdom,3,At-Risk
15449,26,3,971.22,2,0,0,0,United Kingdom,0,Stable but Passive
15450,30,1,429.84,0,0,0,0,United Kingdom,2,Occasional but Reachable
15452,30,3,528.48,0,0,0,0,United Kingdom,2,Occasional but Reachable
15453,2,7,1371.77,0,0,0,0,United Kingdom,1,VIP Customer
15454,362,1,179.1,0,0,0,0,United Kingdom,3,At-Risk
15456,283,3,434.59000000000003,0,0,0,0,United Kingdom,3,At-Risk
15457,262,1,237.07,0,0,0,0,United Kingdom,3,At-Risk
15458,25,1,161.64,0,0,0,0,United Kingdom,2,Occasional but Reachable
15460,354,1,214.26,0,0,0,0,United Kingdom,3,At-Risk
15462,94,3,234.6,0,0,0,0,United Kingdom,3,At-Risk
15463,29,1,126.14,0,0,0,0,United Kingdom,2,Occasional but Reachable
15464,338,1,1044.65,0,0,0,0,United Kingdom,3,At-Risk
15465,20,18,6945.0199999999995,7,0,0,0,United Kingdom,1,VIP Customer
15466,85,1,334.53,0,0,0,0,United Kingdom,3,At-Risk
15467,9,3,511.88,1,0,0,0,United Kingdom,2,Occasional but Reachable
15468,51,2,438.46,5,0,0,0,United Kingdom,2,Occasional but Reachable
15469,50,2,504.49999999999994,3,0,0,0,United Kingdom,2,Occasional but Reachable
15471,2,1,454.48,0,0,0,0,United Kingdom,2,Occasional but Reachable
15472,113,1,371.56,0,0,0,0,United Kingdom,3,At-Risk
15473,14,7,1465.2,3,0,0,0,United Kingdom,1,VIP Customer
15475,77,1,454.10999999999996,0,0,0,0,United Kingdom,3,At-Risk
15478,40,2,1399.92,0,0,0,0,United Kingdom,0,Stable but Passive
15480,116,1,905.5,0,0,0,0,Malta,3,At-Risk
15482,16,11,6313.52,29,0,1,0,United Kingdom,1,VIP Customer
15483,161,4,225.26,0,0,0,0,United Kingdom,3,At-Risk
15484,1,4,3559.21,1,0,0,0,United Kingdom,1,VIP Customer
15485,30,3,2564.5,0,0,0,0,United Kingdom,0,Stable but Passive
15488,93,1,91.32000000000001,0,0,0,0,United Kingdom,3,At-Risk
15489,23,3,1090.03,5,0,0,0,United Kingdom,0,Stable but Passive
15491,95,6,3090.8500000000004,1,0,0,0,United Kingdom,0,Stable but Passive
15492,28,2,659.4599999999999,0,0,0,0,United Kingdom,2,Occasional but Reachable
15493,33,5,1918.8600000000001,2,0,0,0,United Kingdom,0,Stable but Passive
15494,21,2,1280.58,0,0,0,0,United Kingdom,2,Occasional but Reachable
15497,18,2,1259.7,1,0,0,0,United Kingdom,2,Occasional but Reachable
15498,3,27,12396.46,5,4,2,0,United Kingdom,1,VIP Customer
15500,8,4,1131.56,0,0,0,0,United Kingdom,2,Occasional but Reachable
15502,16,10,5541.46,34,0,9,0,United Kingdom,1,VIP Customer
15503,363,1,141.04,0,0,0,0,United Kingdom,3,At-Risk
15504,81,1,52.83,0,0,0,0,United Kingdom,3,At-Risk
15505,53,5,3497.14,2,0,0,0,United Kingdom,0,Stable but Passive
15506,23,3,972.08,0,0,0,0,United Kingdom,0,Stable but Passive
15507,172,1,475.86,0,0,0,0,United Kingdom,3,At-Risk
15508,189,6,1000.27,0,0,0,0,United Kingdom,0,Stable but Passive
15510,331,1,250.0,0,0,0,0,United Kingdom,3,At-Risk
15511,12,5,900.53,0,0,0,0,United Kingdom,2,Occasional but Reachable
15512,156,2,121.0,0,0,0,0,United Kingdom,3,At-Risk
15513,33,19,14520.080000000002,6,0,0,0,United Kingdom,1,VIP Customer
15514,12,11,2907.45,31,0,0,0,United Kingdom,1,VIP Customer
15516,45,3,62.43,0,0,0,0,United Kingdom,3,At-Risk
15517,233,1,267.03,0,0,0,0,United Kingdom,3,At-Risk
15518,64,8,1890.99,5,0,1,0,United Kingdom,0,Stable but Passive
15520,2,1,343.5,0,0,0,0,United Kingdom,2,Occasional but Reachable
15521,40,8,2574.6499999999996,14,0,1,0,United Kingdom,0,Stable but Passive
15522,33,2,397.99,0,0,0,0,United Kingdom,2,Occasional but Reachable
15523,84,1,412.01000000000005,0,0,0,0,United Kingdom,3,At-Risk
15524,25,1,440.0,0,0,0,0,United Kingdom,2,Occasional but Reachable
15525,2,3,714.47,2,0,1,0,United Kingdom,2,Occasional but Reachable
15526,33,2,148.44,0,0,0,0,United Kingdom,2,Occasional but Reachable
15527,19,8,2347.57,2,0,1,0,United Kingdom,1,VIP Customer
15528,254,1,229.33,0,0,0,0,United Kingdom,3,At-Risk
15529,23,11,3930.05,2,0,1,0,United Kingdom,1,VIP Customer
15530,22,4,1497.31,0,0,0,0,United Kingdom,0,Stable but Passive
15531,8,2,1972.39,0,0,0,0,United Kingdom,2,Occasional but Reachable
15532,25,4,1481.08,7,0,1,0,United Kingdom,0,Stable but Passive
15533,19,3,746.9200000000001,3,0,0,0,United Kingdom,2,Occasional but Reachable
15535,173,4,426.4,3,0,0,0,United Kingdom,0,Stable but Passive
15537,163,1,110.92,0,0,0,0,United Kingdom,3,At-Risk
15539,7,1,538.46,0,0,0,0,United Kingdom,2,Occasional but Reachable
15540,11,1,213.3,0,0,0,0,United Kingdom,2,Occasional but Reachable
15541,114,1,85.13000000000001,0,0,0,0,United Kingdom,3,At-Risk
15543,288,1,127.86,0,0,0,0,United Kingdom,3,At-Risk
15544,9,9,3542.51,2,0,0,0,United Kingdom,1,VIP Customer
15545,54,2,288.96999999999997,0,0,0,0,United Kingdom,3,At-Risk
15547,7,14,4910.6,0,0,0,0,United Kingdom,1,VIP Customer
15549,77,3,1636.46,1,0,1,0,United Kingdom,0,Stable but Passive
15550,4,4,575.63,0,0,0,0,United Kingdom,2,Occasional but Reachable
15551,37,1,436.06,0,0,0,0,United Kingdom,2,Occasional but Reachable
15552,217,1,90.12,0,0,0,0,United Kingdom,3,At-Risk
15553,60,1,428.93,0,0,0,0,United Kingdom,3,At-Risk
15554,278,1,217.2,0,0,0,0,United Kingdom,3,At-Risk
15555,12,16,4743.61,25,0,3,0,United Kingdom,1,VIP Customer
15556,24,1,279.77,0,0,0,0,United Kingdom,2,Occasional but Reachable
15557,29,1,468.91,0,0,0,0,United Kingdom,2,Occasional but Reachable
15561,12,4,722.74,4,0,0,0,United Kingdom,2,Occasional but Reachable
15562,352,1,134.55,0,0,0,0,United Kingdom,3,At-Risk
15563,22,3,1301.69,3,0,3,0,United Kingdom,0,Stable but Passive
15565,50,2,173.16,0,0,0,0,United Kingdom,3,At-Risk
15567,19,1,186.01,0,0,0,0,United Kingdom,2,Occasional but Reachable
15568,3,3,758.29,0,0,0,0,United Kingdom,2,Occasional but Reachable
15569,104,5,1375.71,0,0,0,0,United Kingdom,0,Stable but Passive
15570,7,12,4093.2699999999995,7,0,0,0,United Kingdom,1,VIP Customer
15571,12,4,650.4300000000001,0,0,0,0,United Kingdom,2,Occasional but Reachable
15572,5,7,2533.42,0,0,0,0,United Kingdom,1,VIP Customer
15573,32,2,575.29,0,0,1,0,United Kingdom,2,Occasional but Reachable
15574,178,4,675.64,0,0,0,0,United Kingdom,0,Stable but Passive
15576,38,1,921.37,0,0,0,0,United Kingdom,2,Occasional but Reachable
15577,151,3,258.88,0,0,0,0,United Kingdom,3,At-Risk
15578,162,1,127.1,0,0,0,0,United Kingdom,3,At-Risk
15579,69,2,327.6,0,0,0,0,United Kingdom,3,At-Risk
15582,25,3,682.9100000000001,0,0,0,0,United Kingdom,2,Occasional but Reachable
15584,24,4,718.36,2,0,0,0,United Kingdom,0,Stable but Passive
15585,177,1,455.3,0,0,0,0,United Kingdom,3,At-Risk
15587,50,4,913.6800000000001,0,0,0,0,United Kingdom,0,Stable but Passive
15589,256,3,456.58000000000004,1,0,0,0,United Kingdom,3,At-Risk
15592,47,1,388.58,0,0,0,0,United Kingdom,3,At-Risk
15593,71,1,199.8,0,0,0,0,United Kingdom,3,At-Risk
15594,16,5,1767.53,1,0,0,0,United Kingdom,0,Stable but Passive
15596,101,5,1343.34,7,0,0,0,United Kingdom,0,Stable but Passive
15597,35,1,315.71999999999997,1,0,0,0,United Kingdom,2,Occasional but Reachable
15598,53,1,235.68,2,0,0,0,United Kingdom,3,At-Risk
15599,27,2,761.74,0,0,0,0,United Kingdom,2,Occasional but Reachable
15601,11,14,6745.360000000001,4,0,0,0,United Kingdom,1,VIP Customer
15602,8,9,1083.63,7,0,0,0,United Kingdom,1,VIP Customer
15603,79,1,48.480000000000004,0,0,0,0,United Kingdom,3,At-Risk
15604,52,1,216.39,0,0,0,0,United Kingdom,3,At-Risk
15605,36,5,1198.23,0,0,0,0,United Kingdom,0,Stable but Passive
15606,61,9,2422.64,14,0,0,0,United Kingdom,0,Stable but Passive
15607,337,1,104.76,0,0,0,0,United Kingdom,3,At-Risk
15608,28,4,1093.68,0,0,0,0,United Kingdom,0,Stable but Passive
15609,184,1,270.03000000000003,2,0,0,0,United Kingdom,3,At-Risk
15610,52,1,112.46000000000001,0,0,0,0,United Kingdom,3,At-Risk
15611,10,13,1568.39,2,0,0,0,United Kingdom,1,VIP Customer
15612,36,2,195.15,0,0,0,0,United Kingdom,2,Occasional but Reachable
15615,10,23,10360.039999999999,6,0,0,0,United Kingdom,1,VIP Customer
15618,33,4,747.031,4,0,0,0,United Kingdom,0,Stable but Passive
15619,11,1,336.40000000000003,0,0,0,0,United Kingdom,2,Occasional but Reachable
15620,57,3,1524.4,4,0,0,0,United Kingdom,0,Stable but Passive
15621,4,4,1158.77,2,0,0,0,United Kingdom,2,Occasional but Reachable
15622,43,9,3224.5299999999997,29,0,0,0,United Kingdom,1,VIP Customer
15623,141,1,301.03,0,0,0,0,United Kingdom,3,At-Risk
15624,117,4,588.13,0,0,0,0,United Kingdom,0,Stable but Passive
15625,104,4,1504.56,4,0,0,0,United Kingdom,0,Stable but Passive
15626,75,2,675.8,0,0,0,0,United Kingdom,0,Stable but Passive
15628,5,9,2865.6400000000003,2,0,0,0,United Kingdom,1,VIP Customer
15630,45,2,1180.3999999999999,1,0,0,0,United Kingdom,0,Stable but Passive
15632,16,8,3147.31,10,0,0,0,United Kingdom,1,VIP Customer
15634,17,1,243.55,0,0,0,0,United Kingdom,2,Occasional but Reachable
15636,90,2,724.76,0,0,0,0,United Kingdom,0,Stable but Passive
15637,53,1,223.36,0,0,0,0,United Kingdom,3,At-Risk
15639,134,1,425.32,0,0,0,0,United Kingdom,3,At-Risk
15640,4,15,12336.74,10,0,0,0,United Kingdom,1,VIP Customer
15641,105,4,1887.2,0,0,0,0,United Kingdom,0,Stable but Passive
15643,192,3,647.4,3,0,0,0,United Kingdom,0,Stable but Passive
15644,166,4,803.54,0,0,0,0,United Kingdom,0,Stable but Passive
15645,19,1,611.1700000000001,0,0,1,0,United Kingdom,2,Occasional but Reachable
15646,158,3,425.14000000000004,1,0,0,0,United Kingdom,3,At-Risk
15648,204,2,582.05,3,0,0,0,United Kingdom,3,At-Risk
15649,336,2,816.0,0,0,0,0,United Kingdom,3,At-Risk
15651,37,3,646.3,0,0,0,0,United Kingdom,0,Stable but Passive
15652,91,1,337.74,0,0,0,0,United Kingdom,3,At-Risk
15653,93,2,877.4399999999999,0,0,0,0,United Kingdom,0,Stable but Passive
15654,9,2,922.53,0,0,0,0,United Kingdom,2,Occasional but Reachable
15655,243,1,511.31999999999994,3,0,0,0,United Kingdom,3,At-Risk
15656,45,4,748.5,0,0,0,0,United Kingdom,0,Stable but Passive
15657,23,1,30.0,0,0,0,0,United Kingdom,3,At-Risk
15658,190,5,958.9000000000001,8,0,0,0,United Kingdom,0,Stable but Passive
15659,44,1,306.45,0,0,0,0,United Kingdom,3,At-Risk
15660,25,9,1552.01,4,0,0,0,United Kingdom,1,VIP Customer
15661,317,2,309.8,0,0,0,0,United Kingdom,3,At-Risk
15663,106,1,138.14,0,0,0,0,United Kingdom,3,At-Risk
15664,51,1,358.63,2,0,0,0,United Kingdom,3,At-Risk
15665,168,2,2222.21,0,0,0,0,United Kingdom,0,Stable but Passive
15667,40,1,301.32,0,0,0,0,United Kingdom,2,Occasional but Reachable
15668,218,1,76.32000000000001,0,0,0,0,United Kingdom,3,At-Risk
15669,40,4,677.69,2,0,0,0,United Kingdom,0,Stable but Passive
15670,297,1,173.05,0,0,0,0,United Kingdom,3,At-Risk
15671,19,7,2635.4900000000002,3,0,0,0,United Kingdom,1,VIP Customer
15673,88,4,2726.23,0,0,0,0,United Kingdom,0,Stable but Passive
15674,73,4,1744.02,20,0,2,0,United Kingdom,0,Stable but Passive
15675,81,3,323.69,0,0,0,0,United Kingdom,3,At-Risk
15676,19,3,3324.09,14,0,0,0,United Kingdom,0,Stable but Passive
15677,49,1,657.23,0,0,0,0,United Kingdom,2,Occasional but Reachable
15678,53,1,352.7,0,0,0,0,United Kingdom,3,At-Risk
15679,24,4,781.28,0,0,0,0,United Kingdom,0,Stable but Passive
15680,9,3,1333.68,0,0,0,0,United Kingdom,2,Occasional but Reachable
15681,25,5,946.3600000000001,14,0,0,0,United Kingdom,0,Stable but Passive
15683,117,1,193.75,0,0,0,0,United Kingdom,3,At-Risk
15687,9,9,2981.5,2,0,0,0,United Kingdom,1,VIP Customer
15689,120,2,254.1,0,0,0,0,United Kingdom,3,At-Risk
15690,4,2,239.76,0,0,0,0,United Kingdom,2,Occasional but Reachable
15691,252,1,136.8,0,0,0,0,United Kingdom,3,At-Risk
15692,28,1,191.04,0,0,0,0,United Kingdom,2,Occasional but Reachable
15694,1,14,6423.599999999999,1,0,0,0,United Kingdom,1,VIP Customer
15695,267,2,409.98,0,0,0,0,United Kingdom,3,At-Risk
15696,33,8,2619.11,6,0,0,0,United Kingdom,1,VIP Customer
15699,18,1,309.65,0,0,0,0,United Kingdom,2,Occasional but Reachable
15700,172,2,664.03,3,0,0,0,United Kingdom,3,At-Risk
15701,2,4,1529.0,0,0,0,0,United Kingdom,1,VIP Customer
15703,265,1,211.5,0,0,0,0,United Kingdom,3,At-Risk
15704,140,4,2293.62,0,0,0,0,United Kingdom,0,Stable but Passive
15705,201,1,143.1,0,0,0,0,United Kingdom,3,At-Risk
15706,64,4,1001.81,4,0,0,0,United Kingdom,0,Stable but Passive
15707,35,4,916.98,0,0,0,0,United Kingdom,0,Stable but Passive
15708,41,7,3200.73,9,0,0,0,United Kingdom,0,Stable but Passive
15709,284,1,133.25,0,0,0,0,United Kingdom,3,At-Risk
15712,9,5,1072.3600000000001,0,0,0,0,United Kingdom,2,Occasional but Reachable
15713,143,2,346.75,1,0,0,0,United Kingdom,3,At-Risk
15714,12,2,330.03000000000003,0,0,0,0,United Kingdom,2,Occasional but Reachable
15716,146,4,1101.1100000000001,0,0,0,0,United Kingdom,0,Stable but Passive
15717,234,1,150.3,0,0,0,0,United Kingdom,3,At-Risk
15719,33,13,5025.120000000001,1,0,1,0,United Kingdom,1,VIP Customer
15720,24,1,598.73,0,0,0,0,United Kingdom,2,Occasional but Reachable
15721,12,1,471.40000000000003,0,0,0,0,United Kingdom,2,Occasional but Reachable
15722,36,5,2169.86,3,0,0,0,United Kingdom,0,Stable but Passive
15723,365,1,190.7,0,0,0,0,United Kingdom,3,At-Risk
15724,201,2,212.3,1,0,0,0,United Kingdom,3,At-Risk
15725,15,1,415.25,0,0,0,0,United Kingdom,2,Occasional but Reachable
15727,17,7,5159.06,0,0,0,0,United Kingdom,1,VIP Customer
15729,213,1,62.0,1,0,0,0,United Kingdom,3,At-Risk
15730,66,3,1108.38,3,0,0,0,United Kingdom,0,Stable but Passive
15732,212,2,294.12,0,0,0,0,United Kingdom,3,At-Risk
15733,283,1,162.3,0,0,0,0,United Kingdom,3,At-Risk
15734,115,2,1339.45,0,0,0,0,United Kingdom,0,Stable but Passive
15737,15,8,1121.21,8,0,0,0,United Kingdom,1,VIP Customer
15738,19,16,4788.77,3,0,0,0,United Kingdom,1,VIP Customer
15739,66,1,449.12,0,0,0,0,United Kingdom,3,At-Risk
15740,49,1,154.88,0,0,0,0,United Kingdom,3,At-Risk
15743,16,4,775.96,0,0,0,0,United Kingdom,2,Occasional but Reachable
15744,78,1,34.8,0,0,0,0,United Kingdom,3,At-Risk
15745,19,4,1071.24,3,0,0,0,United Kingdom,0,Stable but Passive
15746,134,1,182.96,1,0,0,0,United Kingdom,3,At-Risk
15747,13,3,946.64,0,0,0,0,United Kingdom,2,Occasional but Reachable
15748,40,1,144.36,0,0,0,0,United Kingdom,3,At-Risk
15749,235,3,21535.9,5,0,0,0,United Kingdom,0,Stable but Passive
15750,3,8,2448.8,2,0,0,0,United Kingdom,1,VIP Customer
15752,40,7,2618.15,1,0,0,0,United Kingdom,0,Stable but Passive
15753,305,1,79.2,0,0,0,0,United Kingdom,3,At-Risk
15754,51,3,455.67,1,0,0,0,United Kingdom,0,Stable but Passive
15755,10,6,2318.88,8,0,0,0,United Kingdom,1,VIP Customer
15756,61,4,528.01,0,0,0,0,United Kingdom,0,Stable but Passive
15757,66,2,714.42,0,0,0,0,United Kingdom,0,Stable but Passive
15758,25,1,205.25,0,0,0,0,United Kingdom,2,Occasional but Reachable
15759,218,3,253.04,0,0,0,0,United Kingdom,3,At-Risk
15762,65,2,583.75,0,0,0,0,United Kingdom,0,Stable but Passive
15763,32,2,1048.67,2,0,0,0,United Kingdom,0,Stable but Passive
15764,88,6,3245.47,8,0,0,0,United Kingdom,0,Stable but Passive
15766,64,1,315.06,0,0,0,0,United Kingdom,3,At-Risk
15768,116,3,581.8299999999999,1,0,0,0,United Kingdom,0,Stable but Passive
15769,7,26,51823.72,17,0,0,0,United Kingdom,1,VIP Customer
15773,6,1,635.6800000000001,0,0,0,0,United Kingdom,2,Occasional but Reachable
15774,69,1,270.8,0,0,0,0,United Kingdom,3,At-Risk
15775,245,1,104.9,0,0,0,0,United Kingdom,3,At-Risk
15776,133,1,241.62,0,0,0,0,United Kingdom,3,At-Risk
15777,241,4,1021.6099999999999,1,0,0,0,United Kingdom,0,Stable but Passive
15780,184,3,475.28000000000003,0,0,0,0,United Kingdom,3,At-Risk
15781,25,3,333.56,1,0,0,0,United Kingdom,2,Occasional but Reachable
15782,10,3,2593.94,1,0,0,0,United Kingdom,0,Stable but Passive
15783,11,1,246.3,0,0,0,0,United Kingdom,2,Occasional but Reachable
15785,33,5,2303.7500000000005,4,0,0,0,United Kingdom,0,Stable but Passive
15786,46,3,4821.0,13,0,0,0,United Kingdom,0,Stable but Passive
15787,26,3,933.26,0,0,0,0,United Kingdom,0,Stable but Passive
15789,358,1,351.3,0,0,0,0,United Kingdom,3,At-Risk
15790,10,1,218.75,0,0,0,0,United Kingdom,2,Occasional but Reachable
15791,44,2,1604.44,1,0,0,0,United Kingdom,0,Stable but Passive
15793,15,3,948.96,1,0,0,0,United Kingdom,2,Occasional but Reachable
15795,150,1,610.01,0,0,0,0,United Kingdom,3,At-Risk
15796,1,8,2661.6600000000003,1,1,1,0,United Kingdom,1,VIP Customer
15797,113,3,2177.4,0,0,1,0,United Kingdom,0,Stable but Passive
15799,76,3,884.14,0,0,0,0,United Kingdom,0,Stable but Passive
15800,107,2,696.89,0,0,0,0,United Kingdom,3,At-Risk
15801,46,3,1042.19,5,0,0,0,United Kingdom,0,Stable but Passive
15803,51,1,415.82000000000005,0,0,0,0,United Kingdom,3,At-Risk
15804,1,13,3848.55,11,0,0,0,United Kingdom,1,VIP Customer
15805,23,17,5411.87,6,0,0,0,United Kingdom,1,VIP Customer
15806,46,3,784.58,0,0,0,0,United Kingdom,0,Stable but Passive
15807,50,3,903.9,0,0,0,0,United Kingdom,0,Stable but Passive
15808,306,4,3641.07,2,0,0,0,United Kingdom,0,Stable but Passive
15809,36,5,399.21,8,0,0,0,United Kingdom,0,Stable but Passive
15810,79,4,1145.43,23,0,0,0,United Kingdom,0,Stable but Passive
15811,22,6,2171.3199999999997,6,0,0,0,United Kingdom,0,Stable but Passive
15812,107,5,1801.14,0,0,0,0,United Kingdom,0,Stable but Passive
15813,208,2,1303.9099999999999,0,0,0,0,United Kingdom,0,Stable but Passive
15814,17,4,1842.73,2,0,0,0,United Kingdom,0,Stable but Passive
15815,64,5,2100.6,0,0,0,0,United Kingdom,0,Stable but Passive
15819,49,4,1905.45,0,0,0,0,United Kingdom,0,Stable but Passive
15820,320,1,206.98,0,0,0,0,United Kingdom,3,At-Risk
15821,44,2,570.96,0,0,0,0,United Kingdom,2,Occasional but Reachable
15822,3,2,885.47,0,0,0,0,United Kingdom,2,Occasional but Reachable
15825,172,1,532.94,0,0,0,0,United Kingdom,3,At-Risk
15826,56,3,1649.36,1,0,0,0,United Kingdom,0,Stable but Passive
15827,73,14,1641.48,19,0,0,0,United Kingdom,0,Stable but Passive
15829,99,2,636.14,0,0,0,0,United Kingdom,3,At-Risk
15830,38,1,547.7,2,0,0,0,United Kingdom,2,Occasional but Reachable
15831,58,3,740.64,1,0,0,0,United Kingdom,0,Stable but Passive
15832,254,1,836.79,0,0,0,0,United Kingdom,3,At-Risk
15834,70,4,2071.3,3,0,1,0,United Kingdom,0,Stable but Passive
15835,44,4,954.09,0,0,0,0,United Kingdom,0,Stable but Passive
15836,50,1,117.47,2,0,0,0,United Kingdom,3,At-Risk
15837,65,1,391.98,0,0,0,0,United Kingdom,3,At-Risk
15838,11,19,33350.76,1,1,0,0,United Kingdom,1,VIP Customer
15839,33,3,1020.74,3,0,0,0,United Kingdom,0,Stable but Passive
15840,59,2,345.66,1,0,0,0,United Kingdom,3,At-Risk
15841,73,4,1209.1,3,0,0,0,United Kingdom,0,Stable but Passive
15843,304,1,118.95000000000002,0,0,0,0,United Kingdom,3,At-Risk
15844,46,1,130.73999999999998,0,0,0,0,United Kingdom,3,At-Risk
15845,18,8,3650.87,2,0,0,0,United Kingdom,1,VIP Customer
15847,38,2,389.27,0,0,0,0,United Kingdom,2,Occasional but Reachable
15850,19,2,234.88,0,0,0,0,United Kingdom,2,Occasional but Reachable
15852,187,2,160.71,0,0,0,0,United Kingdom,3,At-Risk
15853,52,1,110.8,0,0,0,0,United Kingdom,3,At-Risk
15854,4,12,2969.12,0,0,0,0,United Kingdom,1,VIP Customer
15855,137,5,712.24,0,0,0,0,United Kingdom,0,Stable but Passive
15856,4,27,15927.220000000001,8,0,1,0,United Kingdom,1,VIP Customer
15857,19,1,297.0,0,0,0,0,United Kingdom,2,Occasional but Reachable
15858,16,5,1427.57,0,0,0,0,United Kingdom,0,Stable but Passive
15860,41,8,965.16,0,0,0,0,United Kingdom,0,Stable but Passive
15861,12,8,2981.92,1,0,0,0,United Kingdom,1,VIP Customer
15862,8,4,832.88,0,0,0,0,United Kingdom,2,Occasional but Reachable
15863,26,2,68.84,0,0,0,0,United Kingdom,2,Occasional but Reachable
15864,22,6,1769.7800000000002,4,0,0,0,United Kingdom,0,Stable but Passive
15865,41,3,895.13,0,0,0,0,United Kingdom,0,Stable but Passive
15866,101,1,211.89,0,0,0,0,United Kingdom,3,At-Risk
15867,5,15,3782.21,2,0,2,0,United Kingdom,1,VIP Customer
15869,277,2,149.64,0,0,0,0,United Kingdom,3,At-Risk
15870,33,1,351.44,0,0,0,0,United Kingdom,2,Occasional but Reachable
15872,15,2,316.25,0,0,0,0,United Kingdom,2,Occasional but Reachable
15874,64,7,4330.67,17,0,0,0,United Kingdom,0,Stable but Passive
15877,2,2,437.83,2,0,0,0,United Kingdom,2,Occasional but Reachable
15880,369,1,299.03000000000003,1,0,0,0,United Kingdom,3,At-Risk
15881,312,5,438.24000000000007,3,0,0,0,United Kingdom,0,Stable but Passive
15882,199,4,490.80000000000007,1,0,1,0,United Kingdom,0,Stable but Passive
15883,2,2,396.48,0,0,0,0,United Kingdom,2,Occasional but Reachable
15885,93,2,349.35,0,0,1,0,United Kingdom,3,At-Risk
15886,60,1,181.09,0,0,0,0,United Kingdom,3,At-Risk
15888,81,1,129.93,2,0,2,0,United Kingdom,3,At-Risk
15889,157,2,381.46999999999997,0,0,2,0,United Kingdom,3,At-Risk
15891,227,1,506.58,0,0,1,0,United Kingdom,3,At-Risk
15894,253,2,256.95000000000005,0,0,1,0,United Kingdom,3,At-Risk
15895,150,1,179.17,0,0,0,0,United Kingdom,3,At-Risk
15897,194,2,208.59,0,0,0,0,United Kingdom,3,At-Risk
15898,1,5,1379.6299999999999,1,0,0,0,United Kingdom,1,VIP Customer
15899,369,1,56.25,0,0,0,0,United Kingdom,3,At-Risk
15900,24,1,337.28,0,0,0,0,United Kingdom,2,Occasional but Reachable
15901,17,3,347.77,0,0,2,0,United Kingdom,2,Occasional but Reachable
15903,10,7,5126.34,1,0,0,0,United Kingdom,1,VIP Customer
15904,8,1,164.68,0,0,0,0,United Kingdom,2,Occasional but Reachable
15906,20,7,1521.79,1,0,0,0,United Kingdom,0,Stable but Passive
15907,4,3,881.02,0,0,1,0,United Kingdom,2,Occasional but Reachable
15909,174,1,191.94,0,0,0,0,United Kingdom,3,At-Risk
15910,1,8,1228.88,0,0,0,0,United Kingdom,1,VIP Customer
15912,178,2,264.62,0,0,0,0,United Kingdom,3,At-Risk
15916,16,8,1466.0100000000002,5,0,0,0,United Kingdom,1,VIP Customer
15917,248,1,123.1,0,0,0,0,United Kingdom,3,At-Risk
15918,191,2,334.23,0,0,0,0,United Kingdom,3,At-Risk
15919,20,2,525.69,0,0,0,0,United Kingdom,2,Occasional but Reachable
15920,154,3,159.60000000000002,0,0,2,0,United Kingdom,3,At-Risk
15921,173,1,323.03000000000003,0,0,0,0,United Kingdom,3,At-Risk
15922,373,1,363.6,1,0,0,0,United Kingdom,3,At-Risk
15923,373,1,127.08,0,0,0,0,United Kingdom,3,At-Risk
15925,194,1,207.15,0,0,0,0,United Kingdom,3,At-Risk
15930,67,1,426.63,0,0,0,0,United Kingdom,3,At-Risk
15932,4,8,2461.85,4,0,0,0,United Kingdom,1,VIP Customer
15933,21,3,1107.46,0,0,0,0,United Kingdom,0,Stable but Passive
15937,64,1,145.35,0,0,0,0,United Kingdom,3,At-Risk
15938,112,5,404.58,0,0,0,0,United Kingdom,0,Stable but Passive
15939,90,15,6102.26,1,0,0,0,United Kingdom,1,VIP Customer
15940,311,1,31.799999999999997,0,0,1,0,United Kingdom,3,At-Risk
15942,134,1,337.44,0,0,0,0,United Kingdom,3,At-Risk
15944,277,1,325.1,0,0,0,0,United Kingdom,3,At-Risk
15945,365,1,181.0,0,0,0,0,United Kingdom,3,At-Risk
15947,83,1,1708.24,0,0,0,0,United Kingdom,0,Stable but Passive
15948,8,2,955.24,0,0,0,0,United Kingdom,2,Occasional but Reachable
15949,17,2,364.72,0,0,0,0,United Kingdom,2,Occasional but Reachable
15950,32,4,1684.46,5,0,0,0,United Kingdom,0,Stable but Passive
15951,9,2,669.57,2,0,0,0,United Kingdom,2,Occasional but Reachable
15952,34,4,781.91,0,0,0,0,United Kingdom,0,Stable but Passive
15953,15,8,1632.43,5,0,0,0,United Kingdom,1,VIP Customer
15955,24,14,4389.81,2,0,0,0,United Kingdom,1,VIP Customer
15957,32,1,428.89,0,0,0,0,United Kingdom,2,Occasional but Reachable
15958,74,1,104.35,0,0,0,0,United Kingdom,3,At-Risk
15963,20,2,470.76,0,0,0,0,United Kingdom,2,Occasional but Reachable
15965,17,4,808.87,0,0,0,0,United Kingdom,2,Occasional but Reachable
15967,23,2,397.68,0,0,0,0,United Kingdom,2,Occasional but Reachable
15969,3,3,582.9,1,0,0,0,United Kingdom,2,Occasional but Reachable
15970,304,1,314.1,0,0,0,0,United Kingdom,3,At-Risk
15971,18,12,4199.85,0,0,0,0,United Kingdom,1,VIP Customer
15973,367,1,99.77000000000007,2,0,0,0,United Kingdom,3,At-Risk
15974,39,7,3429.55,1,0,0,0,United Kingdom,0,Stable but Passive
15975,84,1,371.01,0,0,0,0,United Kingdom,3,At-Risk
15976,165,2,427.64,0,0,0,0,United Kingdom,3,At-Risk
15977,17,2,1054.73,0,0,0,0,United Kingdom,2,Occasional but Reachable
15978,77,1,1098.78,0,0,0,0,United Kingdom,3,At-Risk
15980,89,3,2398.86,0,0,0,0,United Kingdom,0,Stable but Passive
15981,25,8,3408.48,0,0,0,0,United Kingdom,1,VIP Customer
15983,22,4,1465.12,0,0,0,0,United Kingdom,0,Stable but Passive
15984,3,10,2759.9300000000003,5,0,0,0,United Kingdom,1,VIP Customer
15985,123,2,1037.42,1,0,0,0,United Kingdom,0,Stable but Passive
15986,30,1,168.12,0,0,0,0,United Kingdom,2,Occasional but Reachable
15987,12,7,1432.77,0,0,0,0,United Kingdom,1,VIP Customer
15988,19,1,156.78,0,0,0,0,United Kingdom,2,Occasional but Reachable
15990,44,2,792.11,0,0,0,0,United Kingdom,0,Stable but Passive
15992,4,1,41.989999999999995,0,0,0,0,United Kingdom,2,Occasional but Reachable
15993,9,7,2719.52,8,0,1,0,United Kingdom,1,VIP Customer
15994,55,1,414.27,0,0,0,0,United Kingdom,3,At-Risk
15996,88,6,1016.68,1,0,0,0,United Kingdom,0,Stable but Passive
15998,37,5,3074.4199999999996,3,0,0,0,United Kingdom,0,Stable but Passive
16000,3,3,12393.7,0,0,0,0,United Kingdom,1,VIP Customer
16003,30,5,2735.37,0,0,0,0,United Kingdom,0,Stable but Passive
16005,12,4,578.71,0,0,0,0,United Kingdom,2,Occasional but Reachable
16006,211,1,101.4,0,0,0,0,United Kingdom,3,At-Risk
16007,48,4,1693.81,0,0,0,0,United Kingdom,0,Stable but Passive
16008,24,3,478.78,0,0,0,0,United Kingdom,2,Occasional but Reachable
16009,22,4,972.11,0,0,0,0,United Kingdom,0,Stable but Passive
16010,246,3,392.4,0,0,0,0,United Kingdom,3,At-Risk
16011,8,16,3352.96,0,0,0,0,United Kingdom,1,VIP Customer
16012,35,3,1415.29,0,0,0,0,United Kingdom,0,Stable but Passive
16013,4,47,33366.25,10,1,1,0,United Kingdom,1,VIP Customer
16014,38,3,637.58,3,0,0,0,United Kingdom,0,Stable but Passive
16015,4,3,689.12,2,0,1,0,United Kingdom,2,Occasional but Reachable
16016,3,8,1440.06,2,0,0,0,United Kingdom,1,VIP Customer
16017,47,1,211.88,0,0,0,0,United Kingdom,3,At-Risk
16018,39,2,408.90000000000003,0,0,0,0,United Kingdom,2,Occasional but Reachable
16019,47,9,3450.2400000000002,5,0,0,0,United Kingdom,1,VIP Customer
16020,17,3,851.01,0,0,0,0,United Kingdom,2,Occasional but Reachable
16022,260,1,602.63,0,0,0,0,United Kingdom,3,At-Risk
16023,46,3,719.81,0,0,0,0,United Kingdom,0,Stable but Passive
16024,12,1,240.47,0,0,2,0,United Kingdom,2,Occasional but Reachable
16025,30,1,439.65999999999997,0,0,0,0,United Kingdom,2,Occasional but Reachable
16026,43,1,236.09,0,0,0,0,United Kingdom,3,At-Risk
16027,92,6,852.12,0,0,1,0,United Kingdom,0,Stable but Passive
16029,39,63,53168.689999999995,21,6,2,0,United Kingdom,1,VIP Customer
16030,310,1,331.24,0,0,0,0,United Kingdom,3,At-Risk
16031,92,2,547.9,0,0,0,0,United Kingdom,3,At-Risk
16033,6,20,8690.029999999999,15,0,0,0,United Kingdom,1,VIP Customer
16034,196,3,437.7,0,0,0,0,United Kingdom,3,At-Risk
16036,87,2,758.92,0,0,0,0,United Kingdom,0,Stable but Passive
16037,270,3,855.02,0,0,0,0,United Kingdom,0,Stable but Passive
16038,8,3,454.33000000000004,2,0,0,0,United Kingdom,2,Occasional but Reachable
16040,65,3,1313.55,0,0,0,0,United Kingdom,0,Stable but Passive
16041,31,3,3166.4,0,0,0,0,United Kingdom,0,Stable but Passive
16042,22,5,1127.57,4,0,0,0,United Kingdom,0,Stable but Passive
16043,38,4,773.99,0,0,0,0,United Kingdom,0,Stable but Passive
16045,120,4,1340.7,0,0,0,0,United Kingdom,0,Stable but Passive
16048,373,2,243.69,1,0,0,0,United Kingdom,3,At-Risk
16049,40,3,1074.81,0,0,0,0,United Kingdom,0,Stable but Passive
16050,174,1,137.9,0,0,0,0,United Kingdom,3,At-Risk
16052,54,1,362.06,0,0,0,0,United Kingdom,3,At-Risk
16053,33,2,1511.95,0,0,0,0,United Kingdom,0,Stable but Passive
16054,145,1,783.9,0,0,0,0,United Kingdom,3,At-Risk
16055,221,1,134.8,0,0,0,0,United Kingdom,3,At-Risk
16056,45,1,650.75,0,0,0,0,United Kingdom,2,Occasional but Reachable
16057,16,7,2140.22,13,0,0,0,United Kingdom,1,VIP Customer
16059,66,6,1453.16,0,0,0,0,United Kingdom,0,Stable but Passive
16062,10,4,1153.62,0,0,0,0,United Kingdom,2,Occasional but Reachable
16063,260,1,335.32,0,0,0,0,United Kingdom,3,At-Risk
16065,365,1,367.14,0,0,0,0,United Kingdom,3,At-Risk
16066,17,5,1521.04,0,0,0,0,United Kingdom,0,Stable but Passive
16070,22,2,852.15,0,0,0,0,United Kingdom,2,Occasional but Reachable
16071,45,1,326.24,0,0,0,0,United Kingdom,3,At-Risk
16072,288,1,584.3199999999999,0,0,0,0,United Kingdom,3,At-Risk
16073,297,1,94.35,1,0,0,0,United Kingdom,3,At-Risk
16076,3,10,2173.53,2,0,0,0,United Kingdom,1,VIP Customer
16078,284,1,79.2,0,0,0,0,United Kingdom,3,At-Risk
16079,17,3,1352.0,0,0,0,0,United Kingdom,0,Stable but Passive
16080,82,2,176.6,1,0,0,0,United Kingdom,3,At-Risk
16081,56,5,2799.42,0,0,0,0,United Kingdom,0,Stable but Passive
16083,101,2,1317.62,0,0,0,0,United Kingdom,0,Stable but Passive
16084,299,1,436.18,0,0,0,0,United Kingdom,3,At-Risk
16085,23,5,981.51,0,0,0,0,United Kingdom,0,Stable but Passive
16086,59,5,1119.3100000000002,1,0,0,0,United Kingdom,0,Stable but Passive
16091,155,2,315.06,0,0,0,0,United Kingdom,3,At-Risk
16092,115,3,779.36,2,0,0,0,United Kingdom,0,Stable but Passive
16093,107,1,17.0,0,0,0,0,United Kingdom,3,At-Risk
16094,12,4,1041.83,4,0,0,0,United Kingdom,2,Occasional but Reachable
16096,264,1,320.62,0,0,0,0,United Kingdom,3,At-Risk
16097,240,1,185.04999999999998,0,0,0,0,United Kingdom,3,At-Risk
16098,88,7,2005.63,0,0,0,0,United Kingdom,0,Stable but Passive
16099,50,3,731.9,0,0,0,0,United Kingdom,0,Stable but Passive
16101,71,1,1245.96,7,0,0,0,United Kingdom,0,Stable but Passive
16102,42,3,1842.14,0,0,0,0,United Kingdom,0,Stable but Passive
16103,7,6,1429.64,0,0,0,0,United Kingdom,1,VIP Customer
16104,62,1,298.21,0,0,0,0,United Kingdom,3,At-Risk
16105,249,1,336.96,0,0,0,0,United Kingdom,3,At-Risk
16106,66,1,108.38,0,0,0,0,United Kingdom,3,At-Risk
16107,18,7,3204.1600000000003,0,0,0,0,United Kingdom,1,VIP Customer
16108,85,1,816.1,1,0,0,0,United Kingdom,3,At-Risk
16109,219,2,611.88,0,0,0,0,United Kingdom,3,At-Risk
16110,45,3,1320.95,0,0,0,0,United Kingdom,0,Stable but Passive
16112,143,4,195.73999999999998,0,0,0,0,United Kingdom,3,At-Risk
16113,183,1,161.38,0,0,0,0,United Kingdom,3,At-Risk
16114,171,1,135.75000000000003,0,0,0,0,United Kingdom,3,At-Risk
16115,10,8,1660.8799999999999,0,0,0,0,United Kingdom,1,VIP Customer
16116,212,1,592.88,1,0,0,0,United Kingdom,3,At-Risk
16117,190,1,232.21,0,0,0,0,United Kingdom,3,At-Risk
16119,8,2,423.36,0,0,0,0,United Kingdom,2,Occasional but Reachable
16120,59,4,1294.14,2,0,0,0,United Kingdom,0,Stable but Passive
16121,57,2,854.66,0,0,0,0,United Kingdom,0,Stable but Passive
16122,73,4,684.4200000000001,0,0,0,0,United Kingdom,0,Stable but Passive
16123,52,1,307.78,0,0,0,0,United Kingdom,3,At-Risk
16124,317,1,187.15,5,0,0,0,United Kingdom,3,At-Risk
16125,367,1,289.35,0,0,0,0,United Kingdom,3,At-Risk
16126,29,4,6287.77,0,0,0,0,United Kingdom,0,Stable but Passive
16127,39,1,656.25,0,0,0,0,United Kingdom,2,Occasional but Reachable
16128,18,5,1880.22,0,0,0,0,United Kingdom,0,Stable but Passive
16131,52,6,3506.54,0,0,0,0,United Kingdom,0,Stable but Passive
16133,4,33,14305.660000000002,26,0,0,0,United Kingdom,1,VIP Customer
16134,22,2,603.69,3,0,0,0,United Kingdom,2,Occasional but Reachable
16135,263,1,517.55,0,0,0,0,United Kingdom,3,At-Risk
16136,60,3,709.38,0,0,0,0,United Kingdom,0,Stable but Passive
16139,19,3,635.41,0,0,0,0,United Kingdom,2,Occasional but Reachable
16140,66,2,703.77,2,0,0,0,United Kingdom,0,Stable but Passive
16141,88,1,620.4,0,0,0,0,United Kingdom,3,At-Risk
16142,250,1,535.34,0,0,0,0,United Kingdom,3,At-Risk
16143,3,6,2419.84,1,0,0,0,United Kingdom,1,VIP Customer
16144,247,1,175.2,0,0,0,0,United Kingdom,3,At-Risk
16145,9,11,3741.98,13,0,0,0,United Kingdom,1,VIP Customer
16146,157,3,734.13,0,0,0,0,United Kingdom,0,Stable but Passive
16147,134,1,375.0,0,0,0,0,United Kingdom,3,At-Risk
16148,296,1,76.32000000000001,0,0,0,0,United Kingdom,3,At-Risk
16149,5,2,280.52,0,0,0,0,United Kingdom,2,Occasional but Reachable
16150,43,5,1906.07,19,0,0,0,United Kingdom,0,Stable but Passive
16152,269,1,1829.04,0,0,0,0,United Kingdom,3,At-Risk
16153,50,5,1824.23,0,0,0,0,United Kingdom,0,Stable but Passive
16156,9,9,2994.62,9,0,0,0,United Kingdom,1,VIP Customer
16157,16,3,644.24,1,0,0,0,United Kingdom,2,Occasional but Reachable
16159,282,1,348.2,0,0,0,0,United Kingdom,3,At-Risk
16160,65,2,1009.45,2,0,0,0,United Kingdom,0,Stable but Passive
16161,2,19,5311.08,27,0,1,0,United Kingdom,1,VIP Customer
16162,252,1,37.4,0,0,0,0,United Kingdom,3,At-Risk
16163,232,2,441.59999999999997,1,0,0,0,United Kingdom,3,At-Risk
16164,17,3,802.53,1,0,0,0,United Kingdom,2,Occasional but Reachable
16168,11,27,3770.6,1,0,0,0,United Kingdom,1,VIP Customer
16169,8,4,1822.97,0,0,0,0,United Kingdom,0,Stable but Passive
16170,51,6,1880.4199999999998,2,0,0,0,United Kingdom,0,Stable but Passive
16171,59,1,73.2,0,0,0,0,United Kingdom,3,At-Risk
16172,95,5,1140.21,0,0,0,0,United Kingdom,0,Stable but Passive
16173,16,6,1406.57,3,0,0,0,United Kingdom,0,Stable but Passive
16174,126,3,1009.5500000000001,0,0,0,0,United Kingdom,0,Stable but Passive
16175,94,4,1037.59,0,0,0,0,United Kingdom,0,Stable but Passive
16177,50,1,331.95,0,0,0,0,United Kingdom,3,At-Risk
16178,138,1,197.9,0,0,0,0,United Kingdom,3,At-Risk
16179,61,1,215.83,0,0,0,0,United Kingdom,3,At-Risk
16180,100,8,10217.48,14,0,0,0,United Kingdom,0,Stable but Passive
16181,73,1,305.54,0,0,0,0,United Kingdom,3,At-Risk
16182,72,4,6617.65,0,0,0,0,United Kingdom,0,Stable but Passive
16183,67,1,338.71000000000004,0,0,0,0,United Kingdom,3,At-Risk
16184,64,6,1155.54,1,0,0,0,United Kingdom,0,Stable but Passive
16185,17,2,529.41,0,0,0,0,United Kingdom,2,Occasional but Reachable
16186,23,12,3991.94,1,0,0,0,United Kingdom,1,VIP Customer
16187,32,15,6841.240000000001,2,0,0,0,United Kingdom,1,VIP Customer
16188,45,4,981.86,0,0,0,0,United Kingdom,0,Stable but Passive
16189,16,2,215.48,0,0,0,0,United Kingdom,2,Occasional but Reachable
16190,40,1,215.08,0,0,0,0,United Kingdom,3,At-Risk
16191,3,13,4913.320000000001,17,0,0,0,United Kingdom,1,VIP Customer
16193,237,1,314.45,0,0,0,0,United Kingdom,3,At-Risk
16198,75,1,400.68100000000004,0,0,0,0,United Kingdom,3,At-Risk
16200,4,2,1068.8700000000001,0,0,0,0,United Kingdom,2,Occasional but Reachable
16201,3,4,1821.52,4,0,0,0,United Kingdom,1,VIP Customer
16202,361,1,365.27,0,0,0,0,United Kingdom,3,At-Risk
16203,59,4,589.15,1,0,0,0,United Kingdom,0,Stable but Passive
16204,23,1,384.18,0,0,0,0,United Kingdom,2,Occasional but Reachable
16205,31,4,744.43,0,0,1,0,United Kingdom,0,Stable but Passive
16206,55,4,537.0600000000001,0,0,0,0,United Kingdom,0,Stable but Passive
16207,25,1,394.38,0,0,0,0,United Kingdom,2,Occasional but Reachable
16208,45,2,664.26,0,0,0,0,United Kingdom,0,Stable but Passive
16209,89,5,2262.62,0,0,0,0,United Kingdom,0,Stable but Passive
16210,2,17,21066.3,0,0,1,0,United Kingdom,1,VIP Customer
16211,89,1,542.77,1,0,0,0,United Kingdom,3,At-Risk
16212,19,2,681.19,2,0,0,0,United Kingdom,2,Occasional but Reachable
16213,79,1,159.0,0,0,0,0,United Kingdom,3,At-Risk
16214,171,3,1062.75,0,0,0,0,United Kingdom,0,Stable but Passive
16215,81,1,242.35,0,0,0,0,United Kingdom,3,At-Risk
16216,267,1,914.9300000000001,0,0,0,0,United Kingdom,3,At-Risk
16217,235,2,259.39,4,0,0,0,United Kingdom,3,At-Risk
16218,30,7,3054.87,6,0,0,0,United Kingdom,0,Stable but Passive
16221,37,3,860.86,0,0,0,0,United Kingdom,0,Stable but Passive
16222,318,1,773.5500000000001,0,0,0,0,United Kingdom,3,At-Risk
16224,57,4,1295.3,0,0,0,0,United Kingdom,0,Stable but Passive
16225,45,5,1096.32,0,0,0,0,United Kingdom,0,Stable but Passive
16226,203,3,255.12,0,0,0,0,United Kingdom,3,At-Risk
16227,225,1,308.32000000000005,1,0,0,0,United Kingdom,3,At-Risk
16229,87,2,1010.6,0,0,0,0,United Kingdom,0,Stable but Passive
16230,190,2,542.03,0,0,0,0,United Kingdom,3,At-Risk
16232,44,4,983.23,1,0,0,0,United Kingdom,0,Stable but Passive
16233,71,3,422.1300000000001,3,0,0,0,United Kingdom,0,Stable but Passive
16235,41,5,858.41,2,0,0,0,United Kingdom,0,Stable but Passive
16236,78,1,432.2,0,0,0,0,United Kingdom,3,At-Risk
16239,57,2,372.9,2,0,0,0,United Kingdom,3,At-Risk
16240,24,2,3693.8100000000004,7,0,0,0,United Kingdom,0,Stable but Passive
16241,10,13,2590.31,0,0,0,0,United Kingdom,1,VIP Customer
16242,8,7,3574.9100000000003,1,0,0,0,United Kingdom,1,VIP Customer
16243,34,2,409.1,0,0,0,0,United Kingdom,2,Occasional but Reachable
16244,212,2,1522.75,0,0,0,0,United Kingdom,0,Stable but Passive
16245,24,3,1352.3600000000001,3,0,0,0,United Kingdom,0,Stable but Passive
16247,170,1,114.56,0,0,0,0,United Kingdom,3,At-Risk
16248,62,1,152.94,0,0,0,0,United Kingdom,3,At-Risk
16249,53,5,1800.07,0,0,0,0,United Kingdom,0,Stable but Passive
16250,261,2,389.44,0,0,0,0,United Kingdom,3,At-Risk
16253,67,2,3665.6200000000003,0,0,1,0,United Kingdom,0,Stable but Passive
16255,17,8,2609.2999999999997,4,0,0,0,United Kingdom,1,VIP Customer
16256,267,1,732.6300000000001,1,0,0,0,United Kingdom,3,At-Risk
16257,177,1,46.95,0,0,0,0,United Kingdom,3,At-Risk
16258,45,5,5203.51,0,0,0,0,United Kingdom,0,Stable but Passive
16260,51,1,1035.45,0,0,0,0,United Kingdom,0,Stable but Passive
16261,17,4,728.54,0,0,0,0,United Kingdom,2,Occasional but Reachable
16265,9,9,5423.15,2,0,0,0,United Kingdom,1,VIP Customer
16266,74,7,861.89,0,0,0,0,United Kingdom,0,Stable but Passive
16268,71,2,667.65,0,0,0,0,United Kingdom,0,Stable but Passive
16270,353,1,1141.24,0,0,0,0,United Kingdom,3,At-Risk
16271,3,5,1398.69,1,0,0,0,United Kingdom,1,VIP Customer
16272,117,1,411.7,0,0,0,0,United Kingdom,3,At-Risk
16274,373,1,311.35,0,0,2,0,United Kingdom,3,At-Risk
16275,197,1,559.87,0,0,0,0,United Kingdom,3,At-Risk
16276,177,1,810.6000000000001,0,0,0,0,United Kingdom,3,At-Risk
16278,100,1,537.83,2,0,0,0,United Kingdom,3,At-Risk
16279,21,3,1489.8799999999999,2,0,0,0,United Kingdom,0,Stable but Passive
16281,72,1,2062.06,0,0,0,0,United Kingdom,0,Stable but Passive
16282,340,1,168.3,0,0,0,0,United Kingdom,3,At-Risk
16283,6,5,1528.11,2,0,1,0,United Kingdom,1,VIP Customer
16284,31,2,812.68,0,0,0,0,United Kingdom,2,Occasional but Reachable
16287,170,1,142.5,0,0,0,0,United Kingdom,3,At-Risk
16292,122,1,280.9,2,0,0,0,United Kingdom,3,At-Risk
16293,22,10,2236.7400000000002,2,0,0,0,United Kingdom,1,VIP Customer
16295,10,4,1328.55,0,0,0,0,United Kingdom,2,Occasional but Reachable
16297,269,1,275.4,3,0,0,0,United Kingdom,3,At-Risk
16298,23,3,598.2,0,0,0,0,United Kingdom,2,Occasional but Reachable
16302,127,1,212.82,1,0,0,0,United Kingdom,3,At-Risk
16303,26,3,5305.83,5,0,0,0,United Kingdom,0,Stable but Passive
16305,139,1,361.21999999999997,0,0,0,0,United Kingdom,3,At-Risk
16306,214,6,602.27,3,0,0,0,United Kingdom,0,Stable but Passive
16308,38,4,2560.0,0,0,0,0,United Kingdom,0,Stable but Passive
16309,106,2,686.6700000000001,2,0,0,0,United Kingdom,3,At-Risk
16311,18,2,616.26,0,0,0,0,United Kingdom,2,Occasional but Reachable
16313,3,2,274.15000000000003,0,0,0,0,United Kingdom,2,Occasional but Reachable
16315,331,1,226.37,0,0,0,0,United Kingdom,3,At-Risk
16316,64,8,2755.56,5,0,0,0,United Kingdom,0,Stable but Passive
16317,120,3,1341.65,0,0,0,0,United Kingdom,0,Stable but Passive
16318,35,1,328.15,0,0,0,0,United Kingdom,2,Occasional but Reachable
16319,218,1,404.40000000000003,0,0,0,0,United Kingdom,3,At-Risk
16320,172,2,1038.46,0,0,0,0,Unspecified,0,Stable but Passive
16321,72,5,230.70000000000005,4,0,0,0,Australia,0,Stable but Passive
16322,1,2,326.75,0,0,0,0,United Kingdom,2,Occasional but Reachable
16323,196,1,207.50000000000003,0,0,0,0,United Kingdom,3,At-Risk
16324,128,3,408.59000000000003,0,0,0,0,United Kingdom,3,At-Risk
16325,47,3,510.54,2,0,0,0,United Kingdom,0,Stable but Passive
16326,6,14,3014.2200000000003,1,0,0,0,United Kingdom,1,VIP Customer
16327,14,6,3759.07,0,0,1,0,United Kingdom,1,VIP Customer
16330,18,3,242.21,2,0,0,0,United Kingdom,2,Occasional but Reachable
16332,28,7,1572.8,1,0,0,0,United Kingdom,0,Stable but Passive
16333,8,22,26626.8,0,0,0,0,United Kingdom,1,VIP Customer
16337,37,1,151.05,0,0,0,0,United Kingdom,3,At-Risk
16338,157,1,214.79999999999998,0,0,0,0,United Kingdom,3,At-Risk
16339,284,1,94.05,0,0,0,0,United Kingdom,3,At-Risk
16340,107,1,534.31,0,0,0,0,United Kingdom,3,At-Risk
16341,25,4,1959.3799999999999,7,0,0,0,United Kingdom,0,Stable but Passive
16342,75,4,322.41,0,0,0,0,United Kingdom,0,Stable but Passive
16343,16,2,328.58,0,0,0,0,United Kingdom,2,Occasional but Reachable
16344,158,1,101.10000000000001,0,0,0,0,United Kingdom,3,At-Risk
16345,44,1,565.46,0,0,0,0,United Kingdom,2,Occasional but Reachable
16347,11,2,847.45,0,0,0,0,United Kingdom,2,Occasional but Reachable
16348,32,7,1410.97,0,0,1,0,United Kingdom,0,Stable but Passive
16349,291,1,53.5,0,0,0,0,United Kingdom,3,At-Risk
16350,21,4,1100.47,3,0,0,0,United Kingdom,0,Stable but Passive
16351,333,1,153.9,0,0,0,0,United Kingdom,3,At-Risk
16352,18,2,494.44,0,0,0,0,United Kingdom,2,Occasional but Reachable
16353,4,23,6675.71,0,0,0,0,United Kingdom,1,VIP Customer
16354,63,2,395.8,0,0,0,0,United Kingdom,3,At-Risk
16356,198,3,210.32000000000002,1,0,0,0,United Kingdom,3,At-Risk
16357,33,3,658.88,0,0,0,0,United Kingdom,0,Stable but Passive
16358,1,4,2024.95,1,0,0,0,United Kingdom,1,VIP Customer
16359,7,9,1460.3700000000001,4,0,0,0,United Kingdom,1,VIP Customer
16360,5,6,3349.5699999999997,9,0,0,0,United Kingdom,1,VIP Customer
16361,10,4,891.21,0,0,0,0,United Kingdom,2,Occasional but Reachable
16362,32,5,627.29,9,0,0,0,United Kingdom,0,Stable but Passive
16363,53,1,109.36000000000001,0,0,0,0,United Kingdom,3,At-Risk
16364,12,2,705.79,0,0,0,0,United Kingdom,2,Occasional but Reachable
16365,18,9,1540.42,0,0,0,0,United Kingdom,1,VIP Customer
16366,19,1,327.3,0,0,0,0,United Kingdom,2,Occasional but Reachable
16367,37,2,800.67,0,0,0,0,United Kingdom,0,Stable but Passive
16368,2,2,479.91,0,0,0,0,United Kingdom,2,Occasional but Reachable
16369,18,3,1541.25,0,0,2,0,United Kingdom,0,Stable but Passive
16370,82,4,1301.91,0,0,0,0,United Kingdom,0,Stable but Passive
16372,33,2,355.73,0,0,0,0,United Kingdom,2,Occasional but Reachable
16374,66,2,450.83000000000004,0,0,1,0,United Kingdom,3,At-Risk
16376,9,2,965.47,3,0,0,0,United Kingdom,2,Occasional but Reachable
16377,267,1,676.2,0,0,0,0,United Kingdom,3,At-Risk
16378,247,3,362.95,0,0,0,0,United Kingdom,3,At-Risk
16379,4,4,2131.9,1,0,0,0,United Kingdom,1,VIP Customer
16380,61,1,1743.1499999999999,0,0,0,0,United Kingdom,0,Stable but Passive
16383,75,2,643.76,0,0,0,0,United Kingdom,0,Stable but Passive
16384,90,2,584.5,0,0,0,0,United Kingdom,3,At-Risk
16385,60,3,554.86,0,0,0,0,United Kingdom,0,Stable but Passive
16386,29,2,302.57,0,0,0,0,United Kingdom,2,Occasional but Reachable
16387,323,1,94.36,0,0,0,0,United Kingdom,3,At-Risk
16389,53,4,1362.27,1,0,0,0,United Kingdom,0,Stable but Passive
16392,270,1,217.89,0,0,0,0,United Kingdom,3,At-Risk
16393,2,13,2935.8,28,0,0,0,United Kingdom,1,VIP Customer
16394,57,5,1412.06,17,0,0,0,United Kingdom,0,Stable but Passive
16395,61,5,1482.06,0,0,0,0,United Kingdom,0,Stable but Passive
16398,154,2,1631.1499999999999,4,0,0,0,United Kingdom,0,Stable but Passive
16399,19,2,404.41999999999996,0,0,1,0,United Kingdom,2,Occasional but Reachable
16400,95,1,303.93,0,0,0,0,United Kingdom,3,At-Risk
16401,1,12,4061.24,11,0,1,0,United Kingdom,1,VIP Customer
16402,265,2,293.45,0,0,0,0,United Kingdom,3,At-Risk
16403,312,1,161.05,5,0,0,0,United Kingdom,3,At-Risk
16404,70,1,443.05,0,0,0,0,United Kingdom,3,At-Risk
16405,302,2,167.25,0,0,0,0,United Kingdom,3,At-Risk
16406,19,1,154.35,0,0,1,0,United Kingdom,2,Occasional but Reachable
16407,13,10,2079.68,0,0,0,0,United Kingdom,1,VIP Customer
16409,36,5,2022.98,0,0,0,0,United Kingdom,0,Stable but Passive
16411,19,2,211.7,0,0,0,0,United Kingdom,2,Occasional but Reachable
16412,54,1,135.99,0,0,0,0,United Kingdom,3,At-Risk
16413,57,1,262.2,0,0,0,0,United Kingdom,3,At-Risk
16414,22,2,126.25,0,0,0,0,United Kingdom,2,Occasional but Reachable
16415,44,1,200.27,0,0,0,0,United Kingdom,3,At-Risk
16416,27,3,1026.99,2,0,0,0,United Kingdom,0,Stable but Passive
16418,45,3,631.12,0,0,0,0,United Kingdom,0,Stable but Passive
16419,113,6,945.96,1,0,0,0,United Kingdom,0,Stable but Passive
16422,17,51,33805.69,9,4,17,0,United Kingdom,1,VIP Customer
16423,25,1,346.12,0,0,0,0,United Kingdom,2,Occasional but Reachable
16424,191,1,82.56,1,0,0,0,United Kingdom,3,At-Risk
16425,302,1,302.7,0,0,0,0,United Kingdom,3,At-Risk
16426,2,10,1863.76,0,0,0,0,United Kingdom,1,VIP Customer
16427,263,2,241.06,0,0,0,0,United Kingdom,3,At-Risk
16429,106,1,284.55,0,0,0,0,United Kingdom,3,At-Risk
16430,57,1,300.85,0,0,0,0,United Kingdom,3,At-Risk
16431,213,3,623.28,0,0,0,0,United Kingdom,3,At-Risk
16432,64,1,287.4,0,0,0,0,United Kingdom,3,At-Risk
16433,28,1,184.26,0,0,0,0,United Kingdom,2,Occasional but Reachable
16434,29,7,1511.8,0,0,0,0,United Kingdom,0,Stable but Passive
16438,6,5,798.35,0,0,0,0,United Kingdom,2,Occasional but Reachable
16440,8,5,3640.67,0,0,0,0,United Kingdom,1,VIP Customer
16441,67,2,381.2,0,0,0,0,United Kingdom,3,At-Risk
16442,2,3,609.3,0,0,0,0,United Kingdom,2,Occasional but Reachable
16444,46,4,638.7699999999999,1,0,1,0,United Kingdom,0,Stable but Passive
16445,34,1,230.51,0,0,0,0,United Kingdom,2,Occasional but Reachable
16446,1,2,2.8999999999941792,1,0,0,0,United Kingdom,2,Occasional but Reachable
16447,136,1,255.91,0,0,0,0,United Kingdom,3,At-Risk
16448,198,1,182.99,0,0,0,0,United Kingdom,3,At-Risk
16449,198,2,674.69,3,0,0,0,United Kingdom,3,At-Risk
16450,150,1,311.92,0,0,0,0,United Kingdom,3,At-Risk
16451,88,1,266.97,0,0,0,0,United Kingdom,3,At-Risk
16455,64,7,1841.18,0,0,0,0,United Kingdom,0,Stable but Passive
16456,99,5,2158.18,0,0,0,0,United Kingdom,0,Stable but Passive
16457,218,1,208.36,0,0,0,0,United Kingdom,3,At-Risk
16458,3,18,3482.7400000000002,0,0,0,0,United Kingdom,1,VIP Customer
16460,28,3,811.23,0,0,0,0,United Kingdom,0,Stable but Passive
16461,178,1,142.92,0,0,0,0,United Kingdom,3,At-Risk
16462,74,3,102.0,1,0,0,0,United Kingdom,3,At-Risk
16463,21,4,1383.7,3,0,0,0,United Kingdom,0,Stable but Passive
16464,20,3,1298.66,0,0,0,0,United Kingdom,0,Stable but Passive
16466,34,7,1595.96,0,0,0,0,United Kingdom,0,Stable but Passive
16468,74,1,74.9,0,0,0,0,United Kingdom,3,At-Risk
16469,24,4,625.42,0,0,0,0,United Kingdom,0,Stable but Passive
16470,52,4,747.8199999999999,1,0,0,0,United Kingdom,0,Stable but Passive
16471,275,1,223.95000000000002,0,0,0,0,United Kingdom,3,At-Risk
16473,165,3,314.86,1,0,0,0,United Kingdom,3,At-Risk
16474,7,7,1750.3,8,0,1,0,United Kingdom,1,VIP Customer
16475,88,4,544.3,0,0,0,0,United Kingdom,0,Stable but Passive
16477,64,7,2494.46,0,0,0,0,United Kingdom,0,Stable but Passive
16478,25,3,331.0,0,0,0,0,United Kingdom,2,Occasional but Reachable
16479,10,2,300.83,0,0,0,0,United Kingdom,2,Occasional but Reachable
16480,76,1,769.29,0,0,0,0,United Kingdom,3,At-Risk
16482,16,1,220.62,0,0,0,0,United Kingdom,2,Occasional but Reachable
16483,192,1,139.35,0,0,0,0,United Kingdom,3,At-Risk
16484,174,2,379.40000000000003,1,0,0,0,United Kingdom,3,At-Risk
16485,77,1,363.65,0,0,0,0,United Kingdom,3,At-Risk
16488,33,3,492.2,2,0,0,0,United Kingdom,2,Occasional but Reachable
16491,47,1,731.5,0,0,0,0,United Kingdom,2,Occasional but Reachable
16493,80,4,1329.66,6,0,0,0,United Kingdom,0,Stable but Passive
16494,297,1,826.53,0,0,0,0,United Kingdom,3,At-Risk
16495,3,3,648.26,0,0,0,0,United Kingdom,2,Occasional but Reachable
16496,9,3,1562.22,2,0,0,0,United Kingdom,2,Occasional but Reachable
16497,50,6,2965.69,0,0,0,0,United Kingdom,0,Stable but Passive
16498,161,2,86.12,1,0,0,0,United Kingdom,3,At-Risk
16499,360,2,319.09999999999997,3,0,0,0,United Kingdom,3,At-Risk
16500,5,6,400.86,0,0,0,0,United Kingdom,2,Occasional but Reachable
16503,107,4,1421.43,2,0,0,0,United Kingdom,0,Stable but Passive
16504,25,1,465.88,0,0,0,0,United Kingdom,2,Occasional but Reachable
16505,32,1,777.6,0,0,0,0,United Kingdom,2,Occasional but Reachable
16506,20,2,90.30000000000001,0,0,0,0,United Kingdom,2,Occasional but Reachable
16509,297,1,363.7,0,0,0,0,United Kingdom,3,At-Risk
16510,372,1,248.1,0,0,0,0,United Kingdom,3,At-Risk
16511,22,3,914.33,0,0,1,0,United Kingdom,0,Stable but Passive
16513,5,4,874.59,0,0,0,0,United Kingdom,2,Occasional but Reachable
16515,52,5,1624.14,0,0,0,0,United Kingdom,0,Stable but Passive
16516,30,1,101.69999999999999,0,0,0,0,United Kingdom,2,Occasional but Reachable
16517,277,1,162.7,0,0,0,0,United Kingdom,3,At-Risk
16518,61,2,480.92,2,0,0,0,United Kingdom,3,At-Risk
16519,25,2,210.88,0,0,1,0,United Kingdom,2,Occasional but Reachable
16520,186,3,1036.62,1,0,0,0,United Kingdom,0,Stable but Passive
16523,2,21,9295.670000000002,8,0,0,0,United Kingdom,1,VIP Customer
16525,2,26,11895.57,17,0,0,0,United Kingdom,1,VIP Customer
16526,172,1,290.36,0,0,0,0,United Kingdom,3,At-Risk
16527,81,1,228.06,0,0,0,0,United Kingdom,3,At-Risk
16528,4,1,244.41,0,0,0,0,United Kingdom,2,Occasional but Reachable
16529,190,1,455.25,0,0,0,0,United Kingdom,3,At-Risk
16531,22,7,1244.59,0,0,0,0,United Kingdom,0,Stable but Passive
16532,18,3,6748.8,0,0,0,0,United Kingdom,0,Stable but Passive
16533,19,3,1014.1899999999999,4,0,0,0,United Kingdom,2,Occasional but Reachable
16535,5,1,593.75,0,0,0,0,United Kingdom,2,Occasional but Reachable
16536,110,1,538.17,1,0,0,0,United Kingdom,3,At-Risk
16539,3,4,1388.81,0,0,0,0,United Kingdom,2,Occasional but Reachable
16542,54,1,119.62,0,0,0,0,United Kingdom,3,At-Risk
16545,165,1,339.3,0,0,0,0,United Kingdom,3,At-Risk
16549,10,10,4034.9,0,0,0,0,United Kingdom,1,VIP Customer
16550,109,5,2266.25,10,0,0,0,United Kingdom,0,Stable but Passive
16551,96,3,922.12,0,0,0,0,United Kingdom,0,Stable but Passive
16552,243,2,379.73,0,0,0,0,United Kingdom,3,At-Risk
16553,163,12,5664.57,2,0,0,0,United Kingdom,0,Stable but Passive
16554,42,3,641.5500000000001,22,0,0,0,United Kingdom,0,Stable but Passive
16555,35,2,285.89,0,0,0,0,United Kingdom,2,Occasional but Reachable
16556,67,7,3313.79,0,0,0,0,United Kingdom,0,Stable but Passive
16557,24,2,281.85,0,0,0,0,United Kingdom,2,Occasional but Reachable
16558,1,20,8257.039999999999,14,0,0,0,United Kingdom,1,VIP Customer
16560,27,2,816.51,1,0,0,0,United Kingdom,2,Occasional but Reachable
16561,6,2,511.12,0,0,0,0,United Kingdom,2,Occasional but Reachable
16563,54,1,1077.74,0,0,0,0,United Kingdom,0,Stable but Passive
16565,364,1,173.7,0,0,0,0,United Kingdom,3,At-Risk
16566,15,5,614.01,1,0,0,0,United Kingdom,2,Occasional but Reachable
16567,194,2,865.6,0,0,0,0,United Kingdom,3,At-Risk
16569,3,1,124.2,0,0,0,0,United Kingdom,2,Occasional but Reachable
16570,15,10,3622.9500000000003,7,0,0,0,United Kingdom,1,VIP Customer
16571,27,3,1285.22,19,0,0,0,United Kingdom,0,Stable but Passive
16572,127,3,999.7,1,0,0,0,United Kingdom,0,Stable but Passive
16573,85,2,648.41,4,0,0,0,United Kingdom,0,Stable but Passive
16574,71,1,451.44,0,0,0,0,United Kingdom,3,At-Risk
16581,183,1,70.44,2,0,0,0,United Kingdom,3,At-Risk
16582,113,1,313.62,0,0,0,0,United Kingdom,3,At-Risk
16583,374,1,233.45,0,0,0,0,United Kingdom,3,At-Risk
16584,80,2,908.0300000000001,3,0,0,0,United Kingdom,0,Stable but Passive
16586,249,1,463.95,0,0,0,0,United Kingdom,3,At-Risk
16587,232,1,225.15,0,0,0,0,United Kingdom,3,At-Risk
16589,71,3,459.24,0,0,0,0,United Kingdom,0,Stable but Passive
16591,69,1,213.5,0,0,0,0,United Kingdom,3,At-Risk
16592,4,16,4073.28,6,0,0,0,United Kingdom,1,VIP Customer
16593,51,3,330.03,0,0,0,0,United Kingdom,2,Occasional but Reachable
16594,75,1,181.09,0,0,0,0,United Kingdom,3,At-Risk
16595,61,1,360.16,0,0,0,0,United Kingdom,3,At-Risk
16596,16,2,250.15,0,0,0,0,United Kingdom,2,Occasional but Reachable
16597,4,1,90.04,0,0,0,0,United Kingdom,2,Occasional but Reachable
16598,286,1,140.7,1,0,0,0,United Kingdom,3,At-Risk
16600,4,6,813.52,0,0,0,0,United Kingdom,1,VIP Customer
16601,41,1,240.36,0,0,1,0,United Kingdom,3,At-Risk
16602,36,1,494.73,3,0,0,0,United Kingdom,2,Occasional but Reachable
16603,75,2,482.47,0,0,0,0,United Kingdom,3,At-Risk
16607,18,14,3038.67,2,0,0,0,United Kingdom,1,VIP Customer
16609,15,7,5450.96,4,0,0,0,United Kingdom,1,VIP Customer
16610,219,1,75.66,0,0,0,0,United Kingdom,3,At-Risk
16611,186,1,120.99000000000001,1,0,0,0,United Kingdom,3,At-Risk
16612,33,4,1187.66,0,0,0,0,United Kingdom,0,Stable but Passive
16613,70,1,618.59,0,0,0,0,United Kingdom,3,At-Risk
16614,183,1,506.19,0,0,0,0,United Kingdom,3,At-Risk
16616,15,2,500.42,0,0,0,0,United Kingdom,2,Occasional but Reachable
16617,236,1,151.85,0,0,0,0,United Kingdom,3,At-Risk
16618,31,5,2630.6400000000003,1,0,0,0,United Kingdom,0,Stable but Passive
16619,264,1,204.41,2,0,0,0,United Kingdom,3,At-Risk
16620,4,2,178.96,0,0,0,0,United Kingdom,2,Occasional but Reachable
16621,52,4,813.48,0,0,0,0,United Kingdom,0,Stable but Passive
16623,246,1,129.45,0,0,0,0,United Kingdom,3,At-Risk
16624,81,2,810.5699999999999,0,0,0,0,United Kingdom,0,Stable but Passive
16625,275,1,333.08,0,0,0,0,United Kingdom,3,At-Risk
16626,1,17,4379.650000000001,5,0,0,0,United Kingdom,1,VIP Customer
16627,79,1,322.8,0,0,0,0,United Kingdom,3,At-Risk
16628,30,5,2183.04,2,0,0,0,United Kingdom,0,Stable but Passive
16629,74,2,408.63,0,0,0,0,United Kingdom,3,At-Risk
16633,17,6,2878.15,1,0,0,0,United Kingdom,1,VIP Customer
16634,223,2,217.9,0,0,0,0,United Kingdom,3,At-Risk
16637,32,4,1124.5900000000001,3,0,0,0,United Kingdom,0,Stable but Passive
16638,23,10,1676.47,1,0,0,0,United Kingdom,1,VIP Customer
16639,31,3,1169.3799999999999,2,0,0,0,United Kingdom,0,Stable but Passive
16641,106,1,231.10000000000002,0,0,0,0,United Kingdom,3,At-Risk
16642,5,2,679.83,1,0,0,0,United Kingdom,2,Occasional but Reachable
16643,246,1,487.51,0,0,0,0,United Kingdom,3,At-Risk
16644,178,2,833.78,0,0,0,0,United Kingdom,3,At-Risk
16647,170,2,214.06,0,0,0,0,United Kingdom,3,At-Risk
16648,43,1,270.85999999999996,2,0,0,0,United Kingdom,3,At-Risk
16650,72,1,518.42,0,0,0,0,United Kingdom,3,At-Risk
16652,59,7,6654.26,5,0,0,0,United Kingdom,0,Stable but Passive
16653,16,2,1166.92,7,0,0,0,United Kingdom,2,Occasional but Reachable
16654,141,4,594.97,2,0,0,0,United Kingdom,0,Stable but Passive
16655,18,6,3789.52,0,0,0,0,United Kingdom,1,VIP Customer
16656,22,15,8568.24,7,0,0,0,United Kingdom,1,VIP Customer
16657,10,4,874.43,0,0,0,0,United Kingdom,2,Occasional but Reachable
16658,368,1,123.24,0,0,0,0,United Kingdom,3,At-Risk
16659,189,1,39.12,0,0,0,0,United Kingdom,3,At-Risk
16660,16,4,810.4499999999998,1,0,0,0,United Kingdom,2,Occasional but Reachable
16665,362,1,135.39999999999998,0,0,0,0,United Kingdom,3,At-Risk
16666,19,1,118.98,0,0,0,0,United Kingdom,2,Occasional but Reachable
16667,68,2,567.1800000000001,0,0,0,0,United Kingdom,0,Stable but Passive
16668,15,6,306.71999999999997,0,0,0,0,United Kingdom,2,Occasional but Reachable
16669,24,2,1344.08,0,0,3,0,United Kingdom,0,Stable but Passive
16670,17,11,4022.46,10,0,0,0,United Kingdom,1,VIP Customer
16671,28,3,1692.27,0,0,0,0,United Kingdom,0,Stable but Passive
16672,2,20,8093.59,2,1,0,0,United Kingdom,1,VIP Customer
16674,55,2,304.24,0,0,0,0,United Kingdom,3,At-Risk
16676,34,4,1558.72,3,0,0,0,United Kingdom,0,Stable but Passive
16678,3,12,3013.83,7,0,0,0,United Kingdom,1,VIP Customer
16679,366,1,129.75,0,0,0,0,United Kingdom,3,At-Risk
16680,43,1,183.7,0,0,0,0,United Kingdom,3,At-Risk
16681,73,6,1770.34,0,0,0,0,United Kingdom,0,Stable but Passive
16682,5,5,1028.0,0,0,0,0,United Kingdom,2,Occasional but Reachable
16684,4,28,65892.08,3,1,0,0,United Kingdom,1,VIP Customer
16685,61,2,324.24,0,0,0,0,United Kingdom,3,At-Risk
16686,47,7,2940.53,3,0,0,0,United Kingdom,0,Stable but Passive
16688,1,4,1260.86,0,0,0,0,United Kingdom,2,Occasional but Reachable
16689,76,2,303.26,2,0,1,0,United Kingdom,3,At-Risk
16690,72,2,208.63,1,0,0,0,United Kingdom,3,At-Risk
16692,256,2,1276.0,0,0,0,0,United Kingdom,0,Stable but Passive
16693,69,2,477.86,0,0,0,0,United Kingdom,3,At-Risk
16696,135,4,657.9000000000001,0,0,0,0,United Kingdom,0,Stable but Passive
16697,241,1,112.75,0,0,0,0,United Kingdom,3,At-Risk
16698,227,2,1998.0,0,0,0,0,United Kingdom,0,Stable but Passive
16700,9,13,5040.0,4,0,0,0,United Kingdom,1,VIP Customer
16701,9,13,5150.27,10,0,0,0,United Kingdom,1,VIP Customer
16705,1,20,13946.13,14,0,0,0,United Kingdom,1,VIP Customer
16706,37,3,531.35,0,0,0,0,United Kingdom,0,Stable but Passive
16708,46,1,656.63,0,0,0,0,United Kingdom,2,Occasional but Reachable
16709,85,5,3029.87,0,0,0,0,United Kingdom,0,Stable but Passive
16710,19,10,2467.99,0,0,0,0,United Kingdom,1,VIP Customer
16711,3,5,1651.03,0,0,0,0,United Kingdom,1,VIP Customer
16712,9,11,3596.0099999999998,0,0,1,0,United Kingdom,1,VIP Customer
16713,19,15,6827.88,8,0,0,0,United Kingdom,1,VIP Customer
16714,219,3,879.06,1,0,0,0,United Kingdom,0,Stable but Passive
16715,78,1,301.71999999999997,0,0,0,0,United Kingdom,3,At-Risk
16716,267,2,319.80000000000007,1,0,0,0,United Kingdom,3,At-Risk
16717,24,6,3263.06,37,0,0,0,United Kingdom,0,Stable but Passive
16718,369,1,606.0500000000001,0,0,0,0,United Kingdom,3,At-Risk
16719,15,7,1753.72,2,0,0,0,United Kingdom,1,VIP Customer
16720,26,1,152.95,0,0,0,0,United Kingdom,2,Occasional but Reachable
16721,262,1,292.47,0,0,0,0,United Kingdom,3,At-Risk
16722,17,13,4711.21,3,0,0,0,United Kingdom,1,VIP Customer
16723,91,2,576.4,0,0,0,0,United Kingdom,3,At-Risk
16725,302,6,749.42,1,0,1,0,United Kingdom,0,Stable but Passive
16726,26,5,1358.74,0,0,0,0,United Kingdom,0,Stable but Passive
16727,364,1,256.32,0,0,0,0,United Kingdom,3,At-Risk
16728,46,4,1048.28,0,0,0,0,United Kingdom,0,Stable but Passive
16729,38,21,7041.69,7,0,2,0,United Kingdom,1,VIP Customer
16730,52,3,702.79,2,0,0,0,United Kingdom,0,Stable but Passive
16732,32,1,603.75,0,0,0,0,United Kingdom,2,Occasional but Reachable
16734,52,3,646.76,0,0,0,0,United Kingdom,0,Stable but Passive
16735,79,5,2216.06,3,0,0,0,United Kingdom,0,Stable but Passive
16737,53,1,417.59999999999997,0,0,0,0,United Kingdom,3,At-Risk
16738,298,1,3.75,0,0,0,0,United Kingdom,3,At-Risk
16739,177,1,312.55,3,0,0,0,United Kingdom,3,At-Risk
16743,29,7,2166.88,2,0,0,0,United Kingdom,0,Stable but Passive
16744,11,7,1291.91,0,0,0,0,United Kingdom,1,VIP Customer
16745,87,17,7157.099999999999,1,0,0,0,United Kingdom,1,VIP Customer
16746,5,18,6676.759999999999,3,0,0,0,United Kingdom,1,VIP Customer
16747,38,2,826.9599999999999,3,0,0,0,United Kingdom,0,Stable but Passive
16748,18,5,1515.9,0,0,0,0,United Kingdom,0,Stable but Passive
16750,45,5,623.93,0,0,0,0,United Kingdom,0,Stable but Passive
16751,31,1,1764.72,0,0,0,0,United Kingdom,0,Stable but Passive
16752,373,1,207.5,0,0,0,0,United Kingdom,3,At-Risk
16753,58,1,223.92000000000002,0,0,0,0,United Kingdom,3,At-Risk
16754,372,1,2002.4,0,0,0,0,United Kingdom,3,At-Risk
16755,114,3,1463.23,6,0,0,0,United Kingdom,0,Stable but Passive
16756,215,1,239.4,0,0,0,0,United Kingdom,3,At-Risk
16757,319,1,106.83000000000001,0,0,0,0,United Kingdom,3,At-Risk
16758,65,1,369.34000000000003,0,0,0,0,United Kingdom,3,At-Risk
16759,8,3,772.8399999999999,1,0,0,0,United Kingdom,2,Occasional but Reachable
16761,97,1,316.62,0,0,0,0,United Kingdom,3,At-Risk
16762,20,3,1207.24,0,0,0,0,United Kingdom,0,Stable but Passive
16763,199,1,594.9,1,0,0,0,United Kingdom,3,At-Risk
16764,4,13,2749.9500000000003,12,0,0,0,United Kingdom,1,VIP Customer
16765,294,1,34.0,0,0,0,0,United Kingdom,3,At-Risk
16766,273,2,1145.6,0,0,0,0,United Kingdom,3,At-Risk
16767,31,11,5575.56,0,0,0,0,United Kingdom,1,VIP Customer
16768,48,3,458.04,4,0,0,0,United Kingdom,0,Stable but Passive
16769,260,1,361.54,0,0,0,0,United Kingdom,3,At-Risk
16770,58,5,731.9,1,0,0,0,United Kingdom,0,Stable but Passive
16771,33,5,2218.61,0,0,1,0,United Kingdom,0,Stable but Passive
16773,57,1,171.59,0,0,0,0,United Kingdom,3,At-Risk
16774,68,4,654.92,1,0,0,0,United Kingdom,0,Stable but Passive
16775,10,11,1691.51,0,0,0,0,United Kingdom,1,VIP Customer
16776,60,1,371.54,0,0,0,0,United Kingdom,3,At-Risk
16777,80,2,222.62,0,0,0,0,United Kingdom,3,At-Risk
16778,74,2,245.94,0,0,0,0,United Kingdom,3,At-Risk
16779,2,22,10436.050000000001,11,0,0,0,United Kingdom,1,VIP Customer
16780,100,2,422.24,0,0,0,0,United Kingdom,3,At-Risk
16781,372,1,294.65,2,0,0,0,United Kingdom,3,At-Risk
16782,10,13,2230.3,7,0,0,0,United Kingdom,1,VIP Customer
16784,20,1,107.6,0,0,0,0,United Kingdom,2,Occasional but Reachable
16788,123,2,591.09,0,0,1,0,United Kingdom,3,At-Risk
16789,8,1,80.8,0,0,0,0,United Kingdom,2,Occasional but Reachable
16790,4,6,1520.1200000000001,2,0,0,0,United Kingdom,1,VIP Customer
16791,29,7,1664.78,2,0,1,0,United Kingdom,0,Stable but Passive
16792,282,2,110.38000000000001,0,0,0,0,United Kingdom,3,At-Risk
16793,57,1,243.84,0,0,0,0,United Kingdom,3,At-Risk
16794,1,10,1175.3,2,0,0,0,United Kingdom,1,VIP Customer
16795,365,1,414.88,0,0,0,0,United Kingdom,3,At-Risk
16796,89,1,305.62,0,0,0,0,United Kingdom,3,At-Risk
16800,11,1,1162.65,0,0,0,0,United Kingdom,2,Occasional but Reachable
16801,163,4,842.33,45,0,0,0,United Kingdom,0,Stable but Passive
16803,65,1,332.3,0,0,0,0,United Kingdom,3,At-Risk
16804,23,3,536.99,0,0,0,0,United Kingdom,2,Occasional but Reachable
16805,174,2,460.59,0,0,0,0,United Kingdom,3,At-Risk
16806,103,4,710.26,0,0,1,0,United Kingdom,0,Stable but Passive
16807,143,3,1121.59,0,0,0,0,United Kingdom,0,Stable but Passive
16808,99,2,288.42,0,0,0,0,United Kingdom,3,At-Risk
16809,23,5,912.74,1,0,0,0,United Kingdom,0,Stable but Passive
16810,192,1,275.64000000000004,1,0,0,0,United Kingdom,3,At-Risk
16811,5,2,547.07,0,0,0,0,United Kingdom,2,Occasional but Reachable
16812,361,1,479.35,0,0,0,0,United Kingdom,3,At-Risk
16813,8,10,1652.18,0,0,0,0,United Kingdom,1,VIP Customer
16814,14,21,6388.400000000001,1,0,1,0,United Kingdom,1,VIP Customer
16816,103,4,417.06,0,0,0,0,United Kingdom,0,Stable but Passive
16817,3,9,1446.95,9,0,0,0,United Kingdom,1,VIP Customer
16818,11,11,3317.9700000000003,2,0,0,0,United Kingdom,1,VIP Customer
16820,96,1,497.61,0,0,0,0,United Kingdom,3,At-Risk
16823,227,1,358.38,0,0,0,0,United Kingdom,3,At-Risk
16824,16,2,460.64,0,0,0,0,United Kingdom,2,Occasional but Reachable
16825,39,2,775.1800000000001,0,0,0,0,United Kingdom,0,Stable but Passive
16826,51,1,341.7,0,0,0,0,United Kingdom,3,At-Risk
16828,93,2,128.5,0,0,0,0,United Kingdom,3,At-Risk
16829,157,1,197.22,0,0,0,0,United Kingdom,3,At-Risk
16830,39,1,325.91,0,0,0,0,United Kingdom,2,Occasional but Reachable
16832,184,3,199.15,0,0,0,0,United Kingdom,3,At-Risk
16833,1,4,1106.53,0,0,0,0,United Kingdom,2,Occasional but Reachable
16834,228,1,413.46,0,0,0,0,United Kingdom,3,At-Risk
16835,128,2,180.85,0,0,0,0,United Kingdom,3,At-Risk
16836,40,2,251.87,0,0,0,0,United Kingdom,2,Occasional but Reachable
16837,31,11,3167.73,1,0,0,0,United Kingdom,1,VIP Customer
16838,197,2,582.9,1,0,0,0,United Kingdom,3,At-Risk
16839,9,34,15357.779999999999,32,0,0,0,United Kingdom,1,VIP Customer
16841,37,6,1774.62,1,0,0,0,United Kingdom,0,Stable but Passive
16842,101,3,1260.44,1,0,0,0,United Kingdom,0,Stable but Passive
16843,43,16,10183.82,1,0,0,0,United Kingdom,1,VIP Customer
16846,50,1,214.32,0,0,0,0,United Kingdom,3,At-Risk
16847,43,1,193.44,0,0,0,0,United Kingdom,3,At-Risk
16848,53,1,281.42,0,0,0,0,United Kingdom,3,At-Risk
16849,187,1,124.57,0,0,0,0,United Kingdom,3,At-Risk
16850,334,1,332.41,0,0,0,0,United Kingdom,3,At-Risk
16851,4,3,342.45,0,0,0,0,United Kingdom,2,Occasional but Reachable
16852,10,2,144.91000000000003,0,0,0,0,United Kingdom,2,Occasional but Reachable
16855,24,2,328.4,0,0,0,0,United Kingdom,2,Occasional but Reachable
16856,15,1,35.400000000000006,0,0,0,0,United Kingdom,2,Occasional but Reachable
16858,369,1,345.89000000000004,3,0,0,0,United Kingdom,3,At-Risk
16859,145,2,473.13999999999993,20,0,0,0,United Kingdom,3,At-Risk
16861,60,2,151.64999999999998,2,0,0,0,United Kingdom,3,At-Risk
16863,31,2,481.35,2,0,0,0,United Kingdom,2,Occasional but Reachable
16866,141,3,207.73999999999998,0,0,0,0,United Kingdom,3,At-Risk
16869,23,4,797.32,1,0,0,0,United Kingdom,0,Stable but Passive
16871,22,6,2761.4900000000002,2,0,0,0,United Kingdom,0,Stable but Passive
16872,77,3,680.02,0,0,0,0,United Kingdom,0,Stable but Passive
16873,5,6,7066.3099999999995,10,0,0,0,United Kingdom,1,VIP Customer
16875,67,5,2023.4700000000003,11,0,0,0,United Kingdom,0,Stable but Passive
16877,12,6,846.62,0,0,0,0,United Kingdom,0,Stable but Passive
16878,84,1,0.0,3,0,0,0,United Kingdom,3,At-Risk
16880,31,7,1491.43,0,0,0,0,United Kingdom,0,Stable but Passive
16881,67,1,432.0,0,0,0,0,United Kingdom,3,At-Risk
16882,67,3,705.12,0,0,0,0,United Kingdom,0,Stable but Passive
16883,187,2,272.48,0,0,0,0,United Kingdom,3,At-Risk
16884,38,2,429.84000000000003,0,0,0,0,United Kingdom,2,Occasional but Reachable
16885,15,3,450.41,0,0,0,0,United Kingdom,2,Occasional but Reachable
16887,35,1,192.32999999999998,0,0,0,0,United Kingdom,2,Occasional but Reachable
16889,195,3,1578.67,0,0,0,0,United Kingdom,0,Stable but Passive
16891,2,5,742.43,0,0,0,0,United Kingdom,2,Occasional but Reachable
16892,1,5,489.49000000000007,2,0,0,0,United Kingdom,2,Occasional but Reachable
16893,367,1,145.93,0,0,0,0,United Kingdom,3,At-Risk
16895,65,1,202.27,0,0,0,0,United Kingdom,3,At-Risk
16897,299,2,213.02999999999997,7,0,0,0,United Kingdom,3,At-Risk
16898,26,3,436.67999999999995,1,0,0,0,United Kingdom,2,Occasional but Reachable
16899,8,6,1271.06,0,0,0,0,United Kingdom,1,VIP Customer
16900,17,3,187.69000000000005,2,0,1,0,United Kingdom,2,Occasional but Reachable
16902,116,1,1706.88,0,0,0,0,United Kingdom,0,Stable but Passive
16903,29,1,363.2,0,0,0,0,United Kingdom,2,Occasional but Reachable
16904,4,16,3646.1499999999996,0,0,1,0,United Kingdom,1,VIP Customer
16905,5,7,3020.65,1,0,0,0,United Kingdom,1,VIP Customer
16906,82,4,559.59,0,0,0,0,United Kingdom,0,Stable but Passive
16907,29,5,928.76,0,0,0,0,United Kingdom,0,Stable but Passive
16909,72,1,364.14,1,0,0,0,United Kingdom,3,At-Risk
16910,4,8,1508.96,0,0,0,0,United Kingdom,1,VIP Customer
16912,29,11,2508.87,4,0,0,0,United Kingdom,1,VIP Customer
16913,290,1,113.44,0,0,0,0,United Kingdom,3,At-Risk
16914,36,1,183.76,0,0,0,0,United Kingdom,3,At-Risk
16915,9,6,621.6800000000001,0,0,0,0,United Kingdom,2,Occasional but Reachable
16916,24,2,562.41,0,0,0,0,United Kingdom,2,Occasional but Reachable
16917,277,1,391.52,0,0,0,0,United Kingdom,3,At-Risk
16918,50,6,1043.34,2,0,0,0,United Kingdom,0,Stable but Passive
16919,156,11,2592.25,0,0,0,0,United Kingdom,0,Stable but Passive
16921,61,1,154.18,0,0,0,0,United Kingdom,3,At-Risk
16923,12,19,6488.3,24,0,0,0,United Kingdom,1,VIP Customer
16924,21,3,722.64,6,0,0,0,United Kingdom,2,Occasional but Reachable
16926,371,1,230.25,0,0,0,0,United Kingdom,3,At-Risk
16927,116,3,543.05,0,0,0,0,United Kingdom,0,Stable but Passive
16928,80,17,2732.7000000000003,4,0,1,0,United Kingdom,1,VIP Customer
16929,4,7,1295.39,0,0,0,0,United Kingdom,1,VIP Customer
16930,26,3,378.89,0,0,0,0,United Kingdom,2,Occasional but Reachable
16931,5,21,4554.87,0,0,0,0,United Kingdom,1,VIP Customer
16932,53,1,150.23000000000002,0,0,0,0,United Kingdom,3,At-Risk
16933,1,2,530.08,5,0,0,0,United Kingdom,2,Occasional but Reachable
16934,55,2,931.03,0,0,0,0,United Kingdom,0,Stable but Passive
16936,26,1,261.9,0,0,0,0,United Kingdom,2,Occasional but Reachable
16938,9,4,1878.4300000000003,1,0,0,0,United Kingdom,0,Stable but Passive
16940,52,3,3049.88,0,0,0,0,United Kingdom,0,Stable but Passive
16942,13,9,1878.51,2,0,0,0,United Kingdom,1,VIP Customer
16943,212,3,816.73,0,0,0,0,United Kingdom,0,Stable but Passive
16945,22,19,4345.5,0,0,0,0,United Kingdom,1,VIP Customer
16947,236,1,406.48,0,0,0,0,United Kingdom,3,At-Risk
16948,139,3,435.02,0,0,0,0,United Kingdom,3,At-Risk
16949,4,6,1161.27,1,0,0,0,United Kingdom,1,VIP Customer
16950,57,3,1178.56,0,0,0,0,United Kingdom,0,Stable but Passive
16951,135,3,1262.75,1,0,0,0,United Kingdom,0,Stable but Passive
16952,109,2,167.61,0,0,0,0,United Kingdom,3,At-Risk
16953,30,1,20.8,0,0,0,0,United Kingdom,3,At-Risk
16954,1,9,2085.08,0,0,0,0,United Kingdom,1,VIP Customer
16955,185,4,493.66999999999996,1,0,0,0,United Kingdom,0,Stable but Passive
16956,18,1,292.34000000000003,2,0,0,0,United Kingdom,2,Occasional but Reachable
16957,239,2,416.64,0,0,0,0,United Kingdom,3,At-Risk
16959,87,1,117.35000000000001,0,0,0,0,United Kingdom,3,At-Risk
16960,39,3,503.15000000000003,0,0,1,0,United Kingdom,0,Stable but Passive
16961,116,1,234.17,0,0,0,0,United Kingdom,3,At-Risk
16963,187,1,110.55000000000001,0,0,0,0,United Kingdom,3,At-Risk
16965,227,1,182.95,0,0,1,0,United Kingdom,3,At-Risk
16966,8,7,2148.47,2,0,1,0,United Kingdom,1,VIP Customer
16967,189,1,319.02,0,0,0,0,United Kingdom,3,At-Risk
16968,4,2,439.43,0,0,0,0,United Kingdom,2,Occasional but Reachable
16969,39,3,650.41,0,0,0,0,United Kingdom,0,Stable but Passive
16971,38,1,232.20999999999998,0,0,1,0,United Kingdom,3,At-Risk
16976,267,1,251.51999999999998,0,0,0,0,United Kingdom,3,At-Risk
16978,78,1,344.33,0,0,0,0,United Kingdom,3,At-Risk
16979,4,6,1809.05,2,0,0,0,United Kingdom,1,VIP Customer
16980,255,2,1028.46,0,0,0,0,United Kingdom,3,At-Risk
16982,61,1,384.06,0,0,0,0,United Kingdom,3,At-Risk
16983,13,7,1894.82,1,0,0,0,United Kingdom,1,VIP Customer
16984,88,2,4370.59,11,0,0,0,United Kingdom,0,Stable but Passive
16985,17,10,5461.62,1,0,0,0,United Kingdom,1,VIP Customer
16986,30,2,1873.2,0,0,0,0,United Kingdom,0,Stable but Passive
16987,3,7,1616.8,0,0,0,0,United Kingdom,1,VIP Customer
16988,5,1,126.12,0,0,0,0,United Kingdom,2,Occasional but Reachable
16989,7,6,1133.25,0,0,0,0,United Kingdom,1,VIP Customer
16990,219,1,179.0,0,0,0,0,United Kingdom,3,At-Risk
16992,11,5,1601.86,2,0,0,0,United Kingdom,0,Stable but Passive
16996,30,6,1427.46,4,0,0,0,United Kingdom,0,Stable but Passive
16997,288,3,702.0,0,0,0,0,United Kingdom,3,At-Risk
16998,150,4,287.02,1,0,1,0,United Kingdom,3,At-Risk
16999,23,2,484.82,0,0,0,0,United Kingdom,2,Occasional but Reachable
17001,1,11,3989.57,0,0,0,0,United Kingdom,1,VIP Customer
17002,86,3,1487.78,1,0,0,0,United Kingdom,0,Stable but Passive
17004,46,2,1312.1399999999999,0,0,0,0,United Kingdom,0,Stable but Passive
17006,5,4,781.78,0,0,0,0,United Kingdom,2,Occasional but Reachable
17007,51,6,877.4300000000001,1,0,0,0,United Kingdom,0,Stable but Passive
17010,18,1,185.46,1,0,0,0,United Kingdom,2,Occasional but Reachable
17011,30,1,270.9,0,0,0,0,United Kingdom,2,Occasional but Reachable
17014,8,3,562.6800000000001,1,0,0,0,United Kingdom,2,Occasional but Reachable
17015,29,3,1838.6100000000001,0,0,0,0,United Kingdom,0,Stable but Passive
17017,3,20,8574.11,16,0,0,0,United Kingdom,1,VIP Customer
17018,41,2,920.1,0,0,0,0,United Kingdom,0,Stable but Passive
17019,11,4,1258.08,0,0,0,0,United Kingdom,2,Occasional but Reachable
17022,31,1,71.0,0,0,0,0,United Kingdom,3,At-Risk
17024,45,3,95.85,0,0,0,0,United Kingdom,3,At-Risk
17025,61,3,357.77,0,0,0,0,United Kingdom,0,Stable but Passive
17026,185,2,154.82999999999998,0,0,0,0,United Kingdom,3,At-Risk
17027,79,6,835.86,2,0,0,0,United Kingdom,0,Stable but Passive
17029,111,2,716.0,0,0,0,0,United Kingdom,3,At-Risk
17030,64,1,146.87,0,0,0,0,United Kingdom,3,At-Risk
17031,12,2,380.35,0,0,0,0,United Kingdom,2,Occasional but Reachable
17033,86,3,1030.14,0,0,0,0,United Kingdom,0,Stable but Passive
17034,16,3,734.5699999999999,2,0,0,0,United Kingdom,2,Occasional but Reachable
17035,246,2,388.33000000000004,4,0,0,0,United Kingdom,3,At-Risk
17037,88,1,1253.22,2,0,0,0,United Kingdom,0,Stable but Passive
17038,30,1,112.4,0,0,0,0,United Kingdom,2,Occasional but Reachable
17040,138,1,449.73,0,0,0,0,United Kingdom,3,At-Risk
17041,27,3,1055.69,1,0,0,0,United Kingdom,0,Stable but Passive
17042,3,5,1036.58,0,0,0,0,United Kingdom,2,Occasional but Reachable
17043,32,4,1735.18,0,0,0,0,United Kingdom,0,Stable but Passive
17044,25,1,897.4300000000001,4,0,0,0,United Kingdom,2,Occasional but Reachable
17045,113,3,339.44,0,0,0,0,United Kingdom,3,At-Risk
17046,157,1,642.02,0,0,0,0,United Kingdom,3,At-Risk
17047,85,3,1100.9,0,0,0,0,United Kingdom,0,Stable but Passive
17048,118,3,864.32,5,0,0,0,United Kingdom,0,Stable but Passive
17049,3,9,5589.83,4,0,0,0,United Kingdom,1,VIP Customer
17050,96,6,3185.64,0,0,0,0,United Kingdom,0,Stable but Passive
17051,194,1,240.89000000000001,0,0,0,0,United Kingdom,3,At-Risk
17052,28,1,399.09,0,0,0,0,United Kingdom,2,Occasional but Reachable
17053,131,1,496.38,1,0,0,0,United Kingdom,3,At-Risk
17054,28,5,1353.83,1,0,0,0,United Kingdom,0,Stable but Passive
17058,82,3,1179.89,0,0,0,0,United Kingdom,0,Stable but Passive
17059,30,5,3080.39,0,0,0,0,United Kingdom,0,Stable but Passive
17060,266,1,234.24,0,0,0,0,United Kingdom,3,At-Risk
17061,74,11,5116.13,2,0,0,0,United Kingdom,1,VIP Customer
17062,314,4,519.35,1,0,1,0,United Kingdom,3,At-Risk
17063,21,7,1421.5900000000001,4,0,0,0,United Kingdom,0,Stable but Passive
17064,59,3,855.45,0,0,0,0,United Kingdom,0,Stable but Passive
17068,12,21,4518.84,1,0,1,0,United Kingdom,1,VIP Customer
17069,28,9,2655.2200000000003,11,0,0,0,United Kingdom,1,VIP Customer
17070,114,1,304.24,0,0,0,0,United Kingdom,3,At-Risk
17071,28,9,2385.48,8,0,0,0,United Kingdom,1,VIP Customer
17073,18,4,1443.59,0,0,1,0,United Kingdom,0,Stable but Passive
17075,18,4,813.77,3,0,0,0,United Kingdom,0,Stable but Passive
17076,36,3,841.0799999999999,0,0,0,0,United Kingdom,0,Stable but Passive
17078,36,2,373.52000000000004,0,0,1,0,United Kingdom,2,Occasional but Reachable
17079,78,1,118.80000000000001,0,0,0,0,United Kingdom,3,At-Risk
17080,22,2,285.5,1,0,0,0,United Kingdom,2,Occasional but Reachable
17081,25,2,288.91,0,0,0,0,United Kingdom,2,Occasional but Reachable
17082,33,2,2003.85,0,0,0,0,United Kingdom,0,Stable but Passive
17083,109,3,1405.78,0,0,0,0,United Kingdom,0,Stable but Passive
17084,35,2,2747.9900000000002,0,0,0,0,United Kingdom,0,Stable but Passive
17085,123,5,1550.8000000000002,2,0,0,0,United Kingdom,0,Stable but Passive
17086,7,6,2050.08,0,0,0,0,United Kingdom,1,VIP Customer
17088,28,4,1991.01,0,0,0,0,United Kingdom,0,Stable but Passive
17090,4,7,1972.5500000000002,1,0,0,0,United Kingdom,1,VIP Customer
17091,3,9,3802.8100000000004,3,0,0,0,United Kingdom,1,VIP Customer
17092,50,4,1774.03,0,0,0,0,United Kingdom,0,Stable but Passive
17094,322,1,270.2,1,0,0,0,United Kingdom,3,At-Risk
17095,23,3,1088.2,2,0,1,0,United Kingdom,0,Stable but Passive
17096,15,4,992.68,4,0,0,0,United Kingdom,0,Stable but Passive
17097,2,8,937.92,2,0,0,0,Spain,1,VIP Customer
17100,18,2,971.74,0,0,0,0,United Kingdom,2,Occasional but Reachable
17101,10,4,1621.73,0,0,0,0,United Kingdom,0,Stable but Passive
17102,262,1,25.5,0,0,0,0,United Kingdom,3,At-Risk
17105,159,2,665.78,0,0,0,0,United Kingdom,3,At-Risk
17107,33,6,10362.48,3,0,0,0,United Kingdom,1,VIP Customer
17109,29,6,865.93,4,0,0,0,United Kingdom,0,Stable but Passive
17110,165,1,163.29999999999998,0,0,0,0,United Kingdom,3,At-Risk
17111,47,1,231.61,0,0,0,0,United Kingdom,3,At-Risk
17114,6,8,739.72,8,0,0,0,United Kingdom,1,VIP Customer
17115,8,3,806.9,4,0,0,0,United Kingdom,2,Occasional but Reachable
17117,288,1,116.19999999999999,0,0,0,0,United Kingdom,3,At-Risk
17118,318,1,157.02,0,0,0,0,United Kingdom,3,At-Risk
17119,3,2,593.61,3,0,0,0,United Kingdom,2,Occasional but Reachable
17120,233,1,307.46,0,0,0,0,United Kingdom,3,At-Risk
17122,119,1,138.32,0,0,0,0,United Kingdom,3,At-Risk
17123,162,1,345.29999999999995,0,0,0,0,United Kingdom,3,At-Risk
17124,185,1,294.24,0,0,0,0,United Kingdom,3,At-Risk
17125,50,1,230.5,0,0,0,0,United Kingdom,3,At-Risk
17126,152,5,976.5500000000001,2,0,0,0,United Kingdom,0,Stable but Passive
17128,335,1,157.09,0,0,0,0,United Kingdom,3,At-Risk
17131,5,5,2463.17,0,0,0,0,United Kingdom,1,VIP Customer
17133,16,7,4892.240000000001,0,0,0,0,United Kingdom,1,VIP Customer
17134,107,2,413.2,0,0,0,0,United Kingdom,3,At-Risk
17135,16,7,1139.73,0,0,0,0,United Kingdom,0,Stable but Passive
17138,276,1,380.5,0,0,0,0,United Kingdom,3,At-Risk
17139,16,12,10567.87,9,0,0,0,United Kingdom,1,VIP Customer
17140,247,1,454.12,0,0,0,0,United Kingdom,3,At-Risk
17142,239,1,579.0,0,0,0,0,United Kingdom,3,At-Risk
17144,1,2,984.57,0,0,0,0,United Kingdom,2,Occasional but Reachable
17146,106,3,749.78,0,0,0,0,United Kingdom,0,Stable but Passive
17147,23,4,1679.6399999999999,4,0,0,0,United Kingdom,0,Stable but Passive
17148,52,1,124.88,0,0,0,0,United Kingdom,3,At-Risk
17152,195,3,1503.5,2,0,0,0,United Kingdom,0,Stable but Passive
17153,24,1,213.78,0,0,0,0,United Kingdom,2,Occasional but Reachable
17154,75,1,329.34,0,0,0,0,United Kingdom,3,At-Risk
17155,18,2,251.70000000000002,0,0,0,0,United Kingdom,2,Occasional but Reachable
17157,8,2,306.55,2,0,0,0,United Kingdom,2,Occasional but Reachable
17158,32,3,1266.97,0,0,0,0,United Kingdom,0,Stable but Passive
17159,22,3,1534.73,1,0,0,0,United Kingdom,0,Stable but Passive
17160,31,6,3518.03,0,0,0,0,United Kingdom,0,Stable but Passive
17162,29,10,1707.21,1,0,0,0,United Kingdom,1,VIP Customer
17163,22,2,293.1,0,0,0,0,United Kingdom,2,Occasional but Reachable
17164,33,7,2466.4,1,0,0,0,United Kingdom,0,Stable but Passive
17165,284,1,158.68,0,0,0,0,United Kingdom,3,At-Risk
17166,39,2,189.49,2,0,0,0,United Kingdom,2,Occasional but Reachable
17169,58,2,816.88,6,0,0,0,United Kingdom,0,Stable but Passive
17171,289,1,224.91,0,0,0,0,United Kingdom,3,At-Risk
17172,79,1,313.26,1,0,0,0,United Kingdom,3,At-Risk
17173,5,8,3755.65,1,0,0,0,United Kingdom,1,VIP Customer
17174,218,1,59.9,0,0,0,0,United Kingdom,3,At-Risk
17175,44,4,1430.94,1,0,0,0,United Kingdom,0,Stable but Passive
17176,202,1,306.13,0,0,0,0,United Kingdom,3,At-Risk
17179,178,3,711.79,0,0,0,0,United Kingdom,0,Stable but Passive
17180,56,4,768.32,3,0,0,0,United Kingdom,0,Stable but Passive
17181,57,2,239.92000000000002,0,0,0,0,United Kingdom,3,At-Risk
17183,8,6,3286.91,3,0,0,0,United Kingdom,1,VIP Customer
17186,47,2,144.0,0,0,0,0,United Kingdom,3,At-Risk
17187,227,1,203.95,0,0,0,0,United Kingdom,3,At-Risk
17188,11,7,2275.58,5,0,0,0,United Kingdom,1,VIP Customer
17189,106,2,383.75,0,0,0,0,United Kingdom,3,At-Risk
17190,59,2,249.74,1,0,0,0,United Kingdom,3,At-Risk
17191,28,7,2093.68,0,0,0,0,United Kingdom,0,Stable but Passive
17193,36,7,1674.4600000000003,3,0,0,0,United Kingdom,0,Stable but Passive
17194,361,1,190.94,0,0,4,0,United Kingdom,3,At-Risk
17197,30,1,1013.01,0,0,0,0,United Kingdom,2,Occasional but Reachable
17198,24,3,692.22,0,0,0,0,United Kingdom,2,Occasional but Reachable
17201,54,1,289.78,0,0,0,0,United Kingdom,3,At-Risk
17203,36,6,3560.08,0,0,0,0,United Kingdom,0,Stable but Passive
17204,175,4,1352.9099999999999,10,0,0,0,United Kingdom,0,Stable but Passive
17205,54,1,384.08,0,0,0,0,United Kingdom,3,At-Risk
17206,53,1,204.24,0,0,0,0,United Kingdom,3,At-Risk
17211,27,8,2299.67,2,0,0,0,United Kingdom,1,VIP Customer
17212,253,1,226.85,0,0,0,0,United Kingdom,3,At-Risk
17213,40,7,2741.08,7,0,0,0,United Kingdom,0,Stable but Passive
17214,60,6,974.1200000000001,1,0,0,0,United Kingdom,0,Stable but Passive
17217,234,1,113.5,0,0,0,0,United Kingdom,3,At-Risk
17218,4,10,1951.97,0,0,0,0,United Kingdom,1,VIP Customer
17219,32,1,114.23,0,0,0,0,United Kingdom,3,At-Risk
17220,24,14,3187.55,0,0,0,0,United Kingdom,1,VIP Customer
17221,7,2,334.48,0,0,0,0,United Kingdom,2,Occasional but Reachable
17222,65,1,328.65,0,0,0,0,United Kingdom,3,At-Risk
17223,310,2,346.89,0,0,1,0,United Kingdom,3,At-Risk
17226,309,1,393.49,0,0,0,0,United Kingdom,3,At-Risk
17227,19,6,939.32,0,0,0,0,United Kingdom,0,Stable but Passive
17228,16,8,1906.09,0,0,0,0,United Kingdom,1,VIP Customer
17229,96,2,318.76,0,0,0,0,United Kingdom,3,At-Risk
17230,264,8,3466.67,4,0,0,0,United Kingdom,0,Stable but Passive
17231,12,10,3078.22,5,0,0,0,United Kingdom,1,VIP Customer
17232,3,2,417.77,0,0,0,0,United Kingdom,2,Occasional but Reachable
17233,35,1,190.88,0,0,0,0,United Kingdom,2,Occasional but Reachable
17234,183,1,149.89000000000001,0,0,0,0,United Kingdom,3,At-Risk
17235,25,2,550.06,0,0,0,0,United Kingdom,2,Occasional but Reachable
17236,13,6,916.13,0,0,0,0,United Kingdom,0,Stable but Passive
17237,11,2,314.69,0,0,0,0,United Kingdom,2,Occasional but Reachable
17238,3,17,3719.1,0,0,0,0,United Kingdom,1,VIP Customer
17239,313,1,379.95,1,0,0,0,United Kingdom,3,At-Risk
17242,108,2,1135.04,0,0,0,0,United Kingdom,0,Stable but Passive
17243,1,26,8474.95,7,0,1,0,United Kingdom,1,VIP Customer
17244,53,1,954.9,0,0,0,0,United Kingdom,0,Stable but Passive
17245,205,1,171.45,0,0,0,0,United Kingdom,3,At-Risk
17247,15,1,280.09000000000003,0,0,0,0,United Kingdom,2,Occasional but Reachable
17248,120,1,318.65,0,0,0,0,United Kingdom,3,At-Risk
17250,4,2,381.97,0,0,0,0,United Kingdom,2,Occasional but Reachable
17251,363,1,269.83,0,0,0,0,United Kingdom,3,At-Risk
17252,117,2,348.91,0,0,0,0,United Kingdom,3,At-Risk
17253,18,1,178.26,0,0,0,0,United Kingdom,2,Occasional but Reachable
17254,5,2,271.19,0,0,0,0,United Kingdom,2,Occasional but Reachable
17255,41,2,291.48,0,0,0,0,United Kingdom,2,Occasional but Reachable
17256,107,2,240.0,0,0,0,0,United Kingdom,3,At-Risk
17259,148,2,581.23,0,0,0,0,United Kingdom,3,At-Risk
17262,52,5,1253.3600000000001,0,0,0,0,United Kingdom,0,Stable but Passive
17263,208,1,63.440000000000005,0,0,0,0,United Kingdom,3,At-Risk
17265,139,2,550.01,0,0,0,0,United Kingdom,3,At-Risk
17266,2,3,296.58,0,0,0,0,United Kingdom,2,Occasional but Reachable
17267,127,2,317.2,0,0,0,0,United Kingdom,3,At-Risk
17268,108,4,763.64,0,0,0,0,United Kingdom,0,Stable but Passive
17272,42,4,2144.53,2,0,0,0,United Kingdom,0,Stable but Passive
17274,35,1,107.82,0,0,0,0,United Kingdom,3,At-Risk
17277,228,2,1065.3500000000001,0,0,0,0,United Kingdom,3,At-Risk
17278,241,1,246.04,0,0,0,0,United Kingdom,3,At-Risk
17279,58,1,187.82999999999998,0,0,0,0,United Kingdom,3,At-Risk
17282,130,3,1685.46,0,0,0,0,United Kingdom,0,Stable but Passive
17284,60,6,1636.58,2,0,0,0,United Kingdom,0,Stable but Passive
17286,22,1,151.37,0,0,0,0,United Kingdom,2,Occasional but Reachable
17287,26,7,1049.06,0,0,0,0,United Kingdom,0,Stable but Passive
17288,9,7,1417.63,0,0,0,0,United Kingdom,1,VIP Customer
17289,32,3,922.77,1,0,0,0,United Kingdom,0,Stable but Passive
17290,4,2,513.01,0,0,0,0,United Kingdom,2,Occasional but Reachable
17291,308,1,550.8000000000001,0,0,0,0,United Kingdom,3,At-Risk
17293,8,9,1854.06,0,0,0,0,United Kingdom,1,VIP Customer
17295,29,3,547.0,0,0,0,0,United Kingdom,2,Occasional but Reachable
17297,17,1,128.18,0,0,0,0,United Kingdom,2,Occasional but Reachable
17298,101,2,498.42,0,0,0,0,United Kingdom,3,At-Risk
17299,12,4,656.61,0,0,0,0,United Kingdom,2,Occasional but Reachable
17301,21,1,163.24,0,0,0,0,United Kingdom,2,Occasional but Reachable
17302,15,5,1119.93,2,0,0,0,United Kingdom,0,Stable but Passive
17303,361,1,250.04,0,0,0,0,United Kingdom,3,At-Risk
17306,11,19,8600.73,3,0,0,0,United Kingdom,1,VIP Customer
17309,95,1,82.75,0,0,0,0,United Kingdom,3,At-Risk
17311,78,2,1384.85,0,0,0,0,United Kingdom,0,Stable but Passive
17312,139,3,644.3,0,0,0,0,United Kingdom,0,Stable but Passive
17313,31,1,2288.13,4,0,0,0,United Kingdom,0,Stable but Passive
17314,25,8,2514.76,5,0,0,0,United Kingdom,1,VIP Customer
17315,2,38,6173.2699999999995,14,0,1,0,United Kingdom,1,VIP Customer
17317,46,3,2524.02,2,0,0,0,United Kingdom,0,Stable but Passive
17320,100,3,1200.6200000000001,0,0,0,0,United Kingdom,0,Stable but Passive
17321,8,2,657.16,0,0,0,0,United Kingdom,2,Occasional but Reachable
17323,15,7,887.64,4,0,1,0,United Kingdom,0,Stable but Passive
17324,18,4,986.48,0,0,0,0,United Kingdom,0,Stable but Passive
17325,280,1,96.8,0,0,0,0,United Kingdom,3,At-Risk
17329,14,2,523.11,0,0,0,0,United Kingdom,2,Occasional but Reachable
17330,23,2,363.9,0,0,0,0,United Kingdom,2,Occasional but Reachable
17331,124,1,175.2,0,0,0,0,United Kingdom,3,At-Risk
17333,86,1,494.25,0,0,0,0,United Kingdom,3,At-Risk
17334,302,2,306.59999999999997,1,0,0,0,United Kingdom,3,At-Risk
17337,151,4,1894.61,5,0,1,0,United Kingdom,0,Stable but Passive
17338,17,8,6450.11,3,0,3,0,United Kingdom,1,VIP Customer
17339,94,2,243.36,0,0,0,0,United Kingdom,3,At-Risk
17340,30,11,11891.18,16,1,0,0,United Kingdom,1,VIP Customer
17341,157,3,682.29,0,0,0,0,United Kingdom,0,Stable but Passive
17343,355,1,193.64,0,0,0,0,United Kingdom,3,At-Risk
17344,46,1,157.62,0,0,0,0,United Kingdom,3,At-Risk
17345,15,4,519.6899999999999,0,0,0,0,United Kingdom,2,Occasional but Reachable
17346,4,15,2557.9,3,0,0,0,United Kingdom,1,VIP Customer
17347,86,1,228.96,0,0,0,0,United Kingdom,3,At-Risk
17348,15,5,1156.6,0,0,0,0,United Kingdom,0,Stable but Passive
17349,179,1,98.25,0,0,0,0,United Kingdom,3,At-Risk
17350,8,4,1251.4399999999998,1,0,0,0,United Kingdom,2,Occasional but Reachable
17351,36,3,587.15,0,0,0,0,United Kingdom,0,Stable but Passive
17353,129,2,1740.0,0,0,0,0,United Kingdom,0,Stable but Passive
17354,51,1,1393.06,0,0,0,0,United Kingdom,0,Stable but Passive
17356,312,1,178.22,0,0,0,0,United Kingdom,3,At-Risk
17357,24,2,384.39,0,0,0,0,United Kingdom,2,Occasional but Reachable
17358,303,2,360.81,0,0,0,0,United Kingdom,3,At-Risk
17359,11,1,127.86,0,0,0,0,United Kingdom,2,Occasional but Reachable
17360,17,3,568.24,0,0,0,0,United Kingdom,2,Occasional but Reachable
17361,49,3,488.2,0,0,0,0,United Kingdom,0,Stable but Passive
17362,239,2,312.23,0,0,0,0,United Kingdom,3,At-Risk
17364,1,11,4437.2300000000005,3,0,0,0,United Kingdom,1,VIP Customer
17365,13,8,4757.28,0,0,1,0,United Kingdom,1,VIP Customer
17367,238,1,167.55,0,0,0,0,United Kingdom,3,At-Risk
17368,23,8,1315.7199999999998,17,0,0,0,United Kingdom,0,Stable but Passive
17370,73,4,446.18,0,0,0,0,United Kingdom,0,Stable but Passive
17371,17,3,418.4,0,0,0,0,United Kingdom,2,Occasional but Reachable
17372,41,8,1337.18,0,0,0,0,United Kingdom,0,Stable but Passive
17373,40,4,646.92,0,0,0,0,United Kingdom,0,Stable but Passive
17374,219,2,495.77,0,0,0,0,United Kingdom,3,At-Risk
17375,199,3,372.5,2,0,0,0,United Kingdom,3,At-Risk
17376,71,2,203.2,0,0,0,0,United Kingdom,3,At-Risk
17377,24,20,3883.32,1,0,0,0,United Kingdom,1,VIP Customer
17379,11,1,389.71999999999997,0,0,0,0,United Kingdom,2,Occasional but Reachable
17381,9,29,20272.43,1,0,0,0,United Kingdom,1,VIP Customer
17382,65,1,65.4,0,0,0,0,United Kingdom,3,At-Risk
17383,4,1,193.39000000000001,0,0,0,0,United Kingdom,2,Occasional but Reachable
17384,19,2,336.4,0,0,0,0,United Kingdom,2,Occasional but Reachable
17385,15,1,256.11,0,0,0,0,United Kingdom,2,Occasional but Reachable
17386,8,6,2686.42,0,0,0,0,United Kingdom,1,VIP Customer
17387,20,2,746.81,0,0,0,0,United Kingdom,2,Occasional but Reachable
17388,78,4,1259.56,0,0,0,0,United Kingdom,0,Stable but Passive
17389,1,34,31300.079999999998,10,0,1,0,United Kingdom,1,VIP Customer
17391,164,2,508.8,0,0,0,0,United Kingdom,3,At-Risk
17392,307,2,405.27,0,0,1,0,United Kingdom,3,At-Risk
17394,219,1,203.86999999999998,0,0,0,0,United Kingdom,3,At-Risk
17396,39,7,7294.8,0,0,1,0,United Kingdom,1,VIP Customer
17397,22,2,681.41,0,0,0,0,United Kingdom,2,Occasional but Reachable
17398,115,3,653.38,0,0,0,0,United Kingdom,0,Stable but Passive
17400,126,5,2097.84,0,0,0,0,United Kingdom,0,Stable but Passive
17402,5,13,2633.85,0,0,0,0,United Kingdom,1,VIP Customer
17403,36,1,263.92,0,0,0,0,United Kingdom,2,Occasional but Reachable
17404,4,15,30240.82,3,0,1,0,Sweden,1,VIP Customer
17405,1,3,967.22,12,0,0,0,United Kingdom,2,Occasional but Reachable
17406,333,3,1912.72,3,0,0,0,United Kingdom,0,Stable but Passive
17408,163,1,32.65,0,0,0,0,United Kingdom,3,At-Risk
17409,185,2,771.85,0,0,0,0,United Kingdom,3,At-Risk
17410,16,5,1214.72,0,0,0,0,United Kingdom,0,Stable but Passive
17411,12,3,748.94,2,0,0,0,United Kingdom,2,Occasional but Reachable
17412,3,7,1258.06,0,0,0,0,United Kingdom,1,VIP Customer
17414,44,2,778.0,0,0,0,0,United Kingdom,0,Stable but Passive
17415,80,1,507.84,0,0,0,0,United Kingdom,3,At-Risk
17416,30,7,6838.34,2,0,0,0,United Kingdom,1,VIP Customer
17418,42,2,463.46000000000004,0,0,0,0,United Kingdom,2,Occasional but Reachable
17419,11,12,4200.969999999999,2,0,0,0,United Kingdom,1,VIP Customer
17420,50,3,598.83,0,0,0,0,United Kingdom,0,Stable but Passive
17422,16,6,1853.1299999999999,18,0,0,0,United Kingdom,0,Stable but Passive
17423,46,2,663.63,2,0,0,0,United Kingdom,0,Stable but Passive
17425,19,2,759.17,0,0,0,0,United Kingdom,2,Occasional but Reachable
17426,8,6,5022.26,1,0,0,0,United Kingdom,1,VIP Customer
17427,72,1,100.8,0,0,0,0,United Kingdom,3,At-Risk
17428,1,28,17078.449999999997,15,0,0,0,United Kingdom,1,VIP Customer
17429,128,3,512.1200000000001,3,0,0,0,United Kingdom,0,Stable but Passive
17430,33,2,265.76,0,0,0,0,United Kingdom,2,Occasional but Reachable
17431,313,1,403.3,0,0,0,0,United Kingdom,3,At-Risk
17432,18,2,365.76,0,0,0,0,United Kingdom,2,Occasional but Reachable
17433,88,1,303.15999999999997,0,0,0,0,United Kingdom,3,At-Risk
17434,2,7,2333.42,4,0,0,0,United Kingdom,1,VIP Customer
17436,2,2,216.29999999999998,0,0,0,0,United Kingdom,2,Occasional but Reachable
17438,254,1,378.30000000000007,2,0,0,0,United Kingdom,3,At-Risk
17440,157,3,177.10000000000002,3,0,0,0,United Kingdom,3,At-Risk
17442,37,6,2210.2599999999998,5,0,0,0,United Kingdom,0,Stable but Passive
17443,220,1,534.24,0,0,0,0,Canada,3,At-Risk
17444,148,3,2940.04,0,0,0,0,Canada,0,Stable but Passive
17446,177,2,120.9,0,0,0,0,United Kingdom,3,At-Risk
17447,40,2,541.53,0,0,0,0,United Kingdom,2,Occasional but Reachable
17449,2,7,2497.21,2,0,1,0,United Kingdom,1,VIP Customer
17450,8,46,187322.17,9,1,4,0,United Kingdom,1,VIP Customer
17451,1,7,1648.95,7,0,0,0,United Kingdom,1,VIP Customer
17453,18,2,486.71999999999997,0,0,0,0,United Kingdom,2,Occasional but Reachable
17454,192,4,517.53,0,0,0,0,United Kingdom,0,Stable but Passive
17455,204,1,131.7,0,0,0,0,United Kingdom,3,At-Risk
17456,365,1,249.86,0,0,0,0,United Kingdom,3,At-Risk
17457,127,5,1737.7,0,0,0,0,United Kingdom,0,Stable but Passive
17458,15,1,316.5,0,0,0,0,United Kingdom,2,Occasional but Reachable
17459,43,2,657.3,0,0,0,0,United Kingdom,0,Stable but Passive
17460,94,6,452.63000000000005,8,0,0,0,United Kingdom,0,Stable but Passive
17461,23,3,735.82,0,0,0,0,United Kingdom,2,Occasional but Reachable
17462,60,2,662.94,1,0,0,0,United Kingdom,0,Stable but Passive
17463,16,5,1860.81,4,0,0,0,United Kingdom,0,Stable but Passive
17464,158,1,289.96000000000004,0,0,0,0,United Kingdom,3,At-Risk
17466,10,2,763.28,0,0,0,0,United Kingdom,2,Occasional but Reachable
17468,10,2,137.0,0,0,0,0,United Kingdom,2,Occasional but Reachable
17469,16,5,1843.06,2,0,0,0,United Kingdom,0,Stable but Passive
17470,45,5,1125.07,0,0,0,0,United Kingdom,0,Stable but Passive
17472,191,3,697.54,0,0,0,0,United Kingdom,0,Stable but Passive
17475,79,1,194.37,0,0,0,0,United Kingdom,3,At-Risk
17480,78,1,506.51,2,0,0,0,United Kingdom,3,At-Risk
17481,4,4,1249.34,1,0,0,0,United Kingdom,2,Occasional but Reachable
17483,65,3,414.04,0,0,0,0,United Kingdom,0,Stable but Passive
17486,261,1,396.87,0,0,0,0,United Kingdom,3,At-Risk
17489,59,2,376.64,0,0,0,0,United Kingdom,3,At-Risk
17490,1,7,1926.88,9,0,1,0,United Kingdom,1,VIP Customer
17491,1,10,3541.92,1,0,0,0,United Kingdom,1,VIP Customer
17492,248,1,374.57,0,0,0,0,United Kingdom,3,At-Risk
17495,8,2,497.56,0,0,0,0,United Kingdom,2,Occasional but Reachable
17496,359,1,271.05,0,0,0,0,United Kingdom,3,At-Risk
17498,76,1,272.22,0,0,0,0,United Kingdom,3,At-Risk
17499,290,1,622.88,0,0,0,0,United Kingdom,3,At-Risk
17500,17,3,1138.0,0,0,0,0,United Kingdom,2,Occasional but Reachable
17501,221,2,288.6,0,0,0,0,United Kingdom,3,At-Risk
17502,9,4,689.1,0,0,0,0,United Kingdom,2,Occasional but Reachable
17503,3,2,558.96,0,0,0,0,United Kingdom,2,Occasional but Reachable
17504,206,9,2745.2799999999997,13,0,0,0,United Kingdom,0,Stable but Passive
17505,162,2,1145.84,0,0,0,0,United Kingdom,0,Stable but Passive
17506,76,1,294.28999999999996,2,0,0,0,United Kingdom,3,At-Risk
17507,262,2,605.58,0,0,0,0,United Kingdom,3,At-Risk
17508,281,1,387.31,0,0,0,0,Greece,3,At-Risk
17509,58,8,6069.240000000001,3,0,0,0,United Kingdom,1,VIP Customer
17510,25,1,308.48,0,0,0,0,United Kingdom,2,Occasional but Reachable
17511,3,31,88125.38,112,0,1,0,United Kingdom,1,VIP Customer
17512,29,10,2920.0400000000004,1,0,0,0,United Kingdom,1,VIP Customer
17513,72,1,513.2,0,0,0,0,United Kingdom,3,At-Risk
17514,128,1,208.65,0,0,0,0,United Kingdom,3,At-Risk
17515,31,4,639.02,0,0,0,0,United Kingdom,0,Stable but Passive
17516,15,5,764.88,0,0,0,0,United Kingdom,0,Stable but Passive
17517,309,1,153.94,0,0,0,0,United Kingdom,3,At-Risk
17519,17,6,1839.07,1,0,0,0,United Kingdom,0,Stable but Passive
17520,54,1,546.81,0,0,0,0,United Kingdom,3,At-Risk
17521,30,3,721.9599999999999,1,0,0,0,United Kingdom,0,Stable but Passive
17522,2,5,1061.5900000000001,0,0,1,0,United Kingdom,1,VIP Customer
17523,11,4,652.74,0,0,0,0,United Kingdom,2,Occasional but Reachable
17524,361,1,145.0,0,0,0,0,United Kingdom,3,At-Risk
17525,360,1,422.70000000000005,0,0,0,0,United Kingdom,3,At-Risk
17526,5,4,706.6999999999999,4,0,0,0,United Kingdom,2,Occasional but Reachable
17527,54,4,888.86,2,0,0,0,United Kingdom,0,Stable but Passive
17528,1,8,3540.1,7,0,0,0,United Kingdom,1,VIP Customer
17530,1,10,2357.94,0,0,2,0,United Kingdom,1,VIP Customer
17531,190,1,293.45,0,0,1,0,United Kingdom,3,At-Risk
17534,54,1,223.36,0,0,0,0,United Kingdom,3,At-Risk
17535,280,1,164.4,0,0,0,0,United Kingdom,3,At-Risk
17536,177,1,76.5,0,0,0,0,United Kingdom,3,At-Risk
17537,30,2,887.67,0,0,0,0,United Kingdom,2,Occasional but Reachable
17538,26,1,98.42,0,0,0,0,United Kingdom,2,Occasional but Reachable
17540,25,2,570.4,1,0,0,0,United Kingdom,2,Occasional but Reachable
17542,270,1,170.75,0,0,0,0,United Kingdom,3,At-Risk
17545,43,3,642.32,0,0,0,0,United Kingdom,0,Stable but Passive
17549,24,2,148.86,0,0,0,0,United Kingdom,2,Occasional but Reachable
17550,197,3,267.16,0,0,0,0,United Kingdom,3,At-Risk
17551,359,1,290.34,0,0,0,0,United Kingdom,3,At-Risk
17552,60,4,909.9599999999999,2,0,0,0,United Kingdom,0,Stable but Passive
17553,130,1,1487.6,0,0,0,0,United Kingdom,3,At-Risk
17554,1,5,1952.45,0,0,0,0,United Kingdom,1,VIP Customer
17555,20,2,480.31,0,0,0,0,United Kingdom,2,Occasional but Reachable
17556,206,1,157.9,0,0,0,0,United Kingdom,3,At-Risk
17557,14,3,541.46,0,0,0,0,United Kingdom,2,Occasional but Reachable
17560,95,5,854.95,0,0,0,0,United Kingdom,0,Stable but Passive
17561,19,1,165.12,0,0,0,0,United Kingdom,2,Occasional but Reachable
17562,14,7,1107.38,1,0,0,0,United Kingdom,1,VIP Customer
17564,24,3,454.01,0,0,0,0,United Kingdom,2,Occasional but Reachable
17566,8,2,869.77,0,0,0,0,United Kingdom,2,Occasional but Reachable
17567,7,8,4012.5599999999995,12,0,0,0,United Kingdom,1,VIP Customer
17569,332,1,344.14,0,0,0,0,United Kingdom,3,At-Risk
17571,50,4,1423.17,0,0,1,0,United Kingdom,0,Stable but Passive
17572,71,4,226.75000000000003,0,0,0,0,United Kingdom,3,At-Risk
17573,29,3,362.90000000000003,1,0,0,0,United Kingdom,2,Occasional but Reachable
17574,243,1,185.65,0,0,0,0,United Kingdom,3,At-Risk
17576,8,19,3399.93,6,0,0,0,United Kingdom,1,VIP Customer
17578,218,1,124.73999999999998,1,0,0,0,United Kingdom,3,At-Risk
17579,5,3,440.20000000000005,2,0,0,0,United Kingdom,2,Occasional but Reachable
17580,253,3,209.82000000000002,0,0,1,0,United Kingdom,3,At-Risk
17581,1,25,10716.31,12,0,0,0,United Kingdom,1,VIP Customer
17582,236,1,175.27,0,0,0,0,United Kingdom,3,At-Risk
17584,7,2,1227.3,1,0,0,0,United Kingdom,2,Occasional but Reachable
17585,109,4,1116.68,0,0,0,0,United Kingdom,0,Stable but Passive
17588,100,3,1240.2,0,0,0,0,United Kingdom,0,Stable but Passive
17589,60,4,2401.67,0,0,1,0,United Kingdom,0,Stable but Passive
17590,2,3,1465.52,0,0,1,0,United Kingdom,2,Occasional but Reachable
17591,73,7,2192.7200000000003,1,0,0,0,United Kingdom,0,Stable but Passive
17593,4,5,3908.08,2,0,0,0,United Kingdom,1,VIP Customer
17594,85,2,993.18,0,0,0,0,United Kingdom,0,Stable but Passive
17595,12,2,386.69,0,0,0,0,United Kingdom,2,Occasional but Reachable
17596,23,7,2806.69,0,0,0,0,United Kingdom,1,VIP Customer
17597,214,1,2044.3700000000001,0,0,0,0,United Kingdom,0,Stable but Passive
17600,18,1,161.67000000000002,0,0,0,0,United Kingdom,2,Occasional but Reachable
17601,239,1,116.00999999999999,0,0,0,0,United Kingdom,3,At-Risk
17602,2,6,5002.22,5,0,0,0,United Kingdom,1,VIP Customer
17604,217,2,309.36,0,0,0,0,United Kingdom,3,At-Risk
17608,33,2,191.99,0,0,0,0,United Kingdom,2,Occasional but Reachable
17609,41,5,1082.48,1,0,2,0,United Kingdom,0,Stable but Passive
17611,7,15,3924.77,6,0,0,0,United Kingdom,1,VIP Customer
17612,53,6,1992.7599999999998,7,0,0,0,United Kingdom,0,Stable but Passive
17613,23,14,4494.77,7,0,0,0,United Kingdom,1,VIP Customer
17614,57,1,386.32,0,0,0,0,United Kingdom,3,At-Risk
17615,130,3,329.6,0,0,0,0,United Kingdom,3,At-Risk
17616,174,3,571.1999999999999,0,0,0,0,United Kingdom,3,At-Risk
17618,6,3,930.28,0,0,0,0,United Kingdom,2,Occasional but Reachable
17619,312,1,214.37,0,0,0,0,United Kingdom,3,At-Risk
17620,60,1,81.44,0,0,0,0,United Kingdom,3,At-Risk
17621,21,3,1336.1000000000001,1,0,0,0,United Kingdom,0,Stable but Passive
17623,33,1,527.0500000000001,0,0,0,0,United Kingdom,2,Occasional but Reachable
17624,15,2,843.48,0,0,0,0,United Kingdom,2,Occasional but Reachable
17625,18,4,2020.4,0,0,0,0,United Kingdom,0,Stable but Passive
17628,81,1,75.75,0,0,0,0,United Kingdom,3,At-Risk
17629,6,8,1784.12,1,0,0,0,United Kingdom,1,VIP Customer
17630,170,2,503.59999999999997,0,0,0,0,United Kingdom,3,At-Risk
17631,2,3,528.33,0,0,0,0,United Kingdom,2,Occasional but Reachable
17633,31,4,1242.34,2,0,0,0,United Kingdom,0,Stable but Passive
17634,36,9,2358.59,0,0,0,0,United Kingdom,1,VIP Customer
17636,19,1,265.93,4,0,0,0,United Kingdom,2,Occasional but Reachable
17637,31,2,547.0600000000001,0,0,0,0,United Kingdom,2,Occasional but Reachable
17639,276,1,108.5,0,0,0,0,United Kingdom,3,At-Risk
17640,87,1,621.66,0,0,0,0,United Kingdom,3,At-Risk
17642,120,2,712.29,0,0,0,0,United Kingdom,3,At-Risk
17643,373,1,101.55,0,0,0,0,United Kingdom,3,At-Risk
17644,1,11,2768.98,12,0,0,0,United Kingdom,1,VIP Customer
17646,219,3,995.66,3,0,0,0,United Kingdom,0,Stable but Passive
17647,65,1,133.06,0,0,0,0,United Kingdom,3,At-Risk
17648,61,4,1789.55,1,0,0,0,United Kingdom,0,Stable but Passive
17649,138,1,861.74,1,0,0,0,United Kingdom,3,At-Risk
17650,21,1,166.08,0,0,0,0,United Kingdom,2,Occasional but Reachable
17651,12,10,3886.67,7,0,0,0,United Kingdom,1,VIP Customer
17652,25,12,4737.13,11,0,0,0,United Kingdom,1,VIP Customer
17653,37,4,1175.8799999999999,6,0,0,0,United Kingdom,0,Stable but Passive
17654,277,1,117.55,0,0,0,0,United Kingdom,3,At-Risk
17655,11,7,2571.7400000000002,2,0,0,0,United Kingdom,1,VIP Customer
17656,73,5,1674.69,0,0,0,0,United Kingdom,0,Stable but Passive
17658,26,2,485.88,4,0,0,0,United Kingdom,2,Occasional but Reachable
17659,17,12,2954.75,3,0,0,0,United Kingdom,1,VIP Customer
17660,141,1,178.75,0,0,0,0,United Kingdom,3,At-Risk
17663,26,7,1788.27,4,0,0,0,United Kingdom,0,Stable but Passive
17664,19,2,604.64,0,0,0,0,United Kingdom,2,Occasional but Reachable
17666,4,2,728.16,0,0,0,0,United Kingdom,2,Occasional but Reachable
17667,66,5,2055.51,0,0,0,0,United Kingdom,0,Stable but Passive
17668,1,2,347.75,0,0,0,0,United Kingdom,2,Occasional but Reachable
17669,43,7,3406.7200000000003,0,0,0,0,United Kingdom,0,Stable but Passive
17670,228,1,205.7,0,0,0,0,United Kingdom,3,At-Risk
17671,16,4,1284.08,8,0,0,0,United Kingdom,0,Stable but Passive
17672,50,2,3106.62,5,0,0,0,United Kingdom,0,Stable but Passive
17673,2,6,1588.07,1,0,0,0,United Kingdom,1,VIP Customer
17674,74,2,551.04,0,0,0,0,United Kingdom,3,At-Risk
17675,1,31,20098.1,16,0,0,0,United Kingdom,1,VIP Customer
17676,4,6,1366.77,1,0,0,0,United Kingdom,1,VIP Customer
17677,2,30,16201.369999999999,17,0,0,0,United Kingdom,1,VIP Customer
17678,264,1,298.11,0,0,0,0,United Kingdom,3,At-Risk
17679,53,2,1992.1100000000001,0,0,0,0,United Kingdom,0,Stable but Passive
17680,24,1,184.4,0,0,0,0,United Kingdom,2,Occasional but Reachable
17682,10,6,2459.33,1,0,0,0,United Kingdom,1,VIP Customer
17684,44,1,239.41,0,0,0,0,United Kingdom,3,At-Risk
17685,17,7,3155.83,0,0,0,0,United Kingdom,1,VIP Customer
17686,7,7,5739.46,0,0,0,0,United Kingdom,1,VIP Customer
17690,30,15,4717.3,2,0,0,0,United Kingdom,1,VIP Customer
17691,358,2,290.40000000000003,0,0,0,0,United Kingdom,3,At-Risk
17692,127,4,702.7199999999999,1,0,1,0,United Kingdom,0,Stable but Passive
17693,137,1,187.02,2,0,0,0,United Kingdom,3,At-Risk
17694,142,1,283.12,0,0,0,0,United Kingdom,3,At-Risk
17695,132,2,765.34,0,0,0,0,United Kingdom,3,At-Risk
17696,38,8,2201.05,11,0,0,0,United Kingdom,0,Stable but Passive
17697,236,1,338.95,0,0,0,0,United Kingdom,3,At-Risk
17698,261,1,154.95,0,0,0,0,United Kingdom,3,At-Risk
17700,17,4,2508.89,4,0,0,0,United Kingdom,0,Stable but Passive
17701,253,1,417.95,0,0,0,0,United Kingdom,3,At-Risk
17702,30,4,1719.7199999999998,6,0,0,0,United Kingdom,0,Stable but Passive
17703,35,3,798.74,0,0,0,0,United Kingdom,0,Stable but Passive
17704,169,2,885.19,0,0,0,0,United Kingdom,3,At-Risk
17705,3,9,1781.12,5,0,0,0,United Kingdom,1,VIP Customer
17706,4,17,10097.369999999999,13,0,0,0,United Kingdom,1,VIP Customer
17707,185,2,152.4,0,0,0,0,United Kingdom,3,At-Risk
17708,188,2,263.33,0,0,0,0,United Kingdom,3,At-Risk
17709,170,1,137.45,0,0,0,0,United Kingdom,3,At-Risk
17711,11,2,385.1,0,0,0,0,United Kingdom,2,Occasional but Reachable
17712,45,1,522.91,0,0,0,0,United Kingdom,2,Occasional but Reachable
17714,321,1,153.0,0,0,0,0,United Kingdom,3,At-Risk
17715,201,1,326.4,0,0,0,0,United Kingdom,3,At-Risk
17716,23,11,5505.79,9,0,0,0,United Kingdom,1,VIP Customer
17718,232,1,139.35,0,0,0,0,United Kingdom,3,At-Risk
17719,38,15,5367.8,4,0,0,0,United Kingdom,1,VIP Customer
17720,26,4,1195.94,0,0,0,0,United Kingdom,0,Stable but Passive
17722,96,4,2380.64,5,0,0,0,United Kingdom,0,Stable but Passive
17723,127,6,3276.4000000000005,0,0,0,0,United Kingdom,0,Stable but Passive
17724,71,3,995.65,5,0,0,0,United Kingdom,0,Stable but Passive
17725,16,11,3371.13,6,0,0,0,United Kingdom,1,VIP Customer
17727,15,1,1042.55,1,0,0,0,United Kingdom,2,Occasional but Reachable
17728,4,3,2515.6800000000003,3,0,1,0,United Kingdom,2,Occasional but Reachable
17730,3,13,5288.830000000001,2,0,0,0,United Kingdom,1,VIP Customer
17731,79,4,878.1999999999999,16,0,0,0,United Kingdom,0,Stable but Passive
17732,373,1,303.97,0,0,0,0,United Kingdom,3,At-Risk
17733,39,2,692.19,0,0,0,0,United Kingdom,2,Occasional but Reachable
17734,54,3,700.63,0,0,0,0,United Kingdom,0,Stable but Passive
17735,2,19,13110.02,0,0,0,0,United Kingdom,1,VIP Customer
17736,9,3,337.49,1,0,0,0,United Kingdom,2,Occasional but Reachable
17737,9,2,168.24,0,0,0,0,United Kingdom,2,Occasional but Reachable
17738,19,4,1863.35,2,0,0,0,United Kingdom,0,Stable but Passive
17739,12,7,2786.0499999999997,1,0,0,0,United Kingdom,1,VIP Customer
17742,113,2,355.11,0,0,0,0,United Kingdom,3,At-Risk
17744,4,6,2291.08,0,0,1,0,United Kingdom,1,VIP Customer
17746,240,1,98.8,2,0,0,0,United Kingdom,3,At-Risk
17747,113,1,64.65,1,0,0,0,United Kingdom,3,At-Risk
17749,178,2,674.52,0,0,0,0,United Kingdom,3,At-Risk
17750,5,9,1677.8700000000001,0,0,2,0,United Kingdom,1,VIP Customer
17752,359,1,80.64,0,0,0,0,United Kingdom,3,At-Risk
17754,1,5,1632.3100000000002,1,0,0,0,United Kingdom,1,VIP Customer
17757,1,30,5565.6900000000005,1,0,1,0,United Kingdom,1,VIP Customer
17758,19,8,3408.2000000000003,0,0,0,0,United Kingdom,1,VIP Customer
17759,17,3,817.46,0,0,1,0,United Kingdom,2,Occasional but Reachable
17760,22,2,287.59,0,0,0,0,United Kingdom,2,Occasional but Reachable
17761,33,1,712.78,0,0,0,0,United Kingdom,2,Occasional but Reachable
17763,263,1,15.0,0,0,0,0,United Kingdom,3,At-Risk
17764,51,2,772.55,0,0,0,0,United Kingdom,0,Stable but Passive
17765,159,3,367.63,0,0,0,0,United Kingdom,3,At-Risk
17767,15,1,271.2,0,0,0,0,United Kingdom,2,Occasional but Reachable
17768,8,3,2081.9,0,0,0,0,United Kingdom,2,Occasional but Reachable
17769,13,10,3920.08,3,0,0,0,United Kingdom,1,VIP Customer
17770,199,5,1143.27,0,0,0,0,United Kingdom,0,Stable but Passive
17771,57,2,244.85000000000002,0,0,1,0,United Kingdom,3,At-Risk
17772,11,2,173.45,0,0,0,0,United Kingdom,2,Occasional but Reachable
17774,97,4,1203.78,1,0,0,0,United Kingdom,0,Stable but Passive
17775,255,1,56.4,0,0,0,0,United Kingdom,3,At-Risk
17777,25,3,647.56,0,0,0,0,United Kingdom,2,Occasional but Reachable
17779,21,3,633.9200000000001,2,0,0,0,United Kingdom,2,Occasional but Reachable
17781,159,2,188.02,0,0,0,0,United Kingdom,3,At-Risk
17783,72,2,283.47,0,0,0,0,United Kingdom,3,At-Risk
17785,53,1,131.94,0,0,0,0,United Kingdom,3,At-Risk
17786,85,2,266.85,0,0,0,0,United Kingdom,3,At-Risk
17787,153,4,1817.54,0,0,0,0,United Kingdom,0,Stable but Passive
17788,74,2,1117.9,0,0,0,0,United Kingdom,0,Stable but Passive
17789,281,1,225.9,0,0,0,0,United Kingdom,3,At-Risk
17790,27,14,1964.3,0,0,0,0,United Kingdom,1,VIP Customer
17791,30,1,106.1,0,0,0,0,United Kingdom,2,Occasional but Reachable
17793,25,1,300.34,0,0,0,0,United Kingdom,2,Occasional but Reachable
17795,180,2,342.83,0,0,0,0,United Kingdom,3,At-Risk
17796,40,4,690.0,0,0,0,0,United Kingdom,0,Stable but Passive
17797,22,3,780.43,0,0,0,0,United Kingdom,2,Occasional but Reachable
17799,22,10,3009.32,2,0,0,0,United Kingdom,1,VIP Customer
17800,37,9,1185.21,0,0,1,0,United Kingdom,0,Stable but Passive
17802,82,3,1251.84,7,0,0,0,United Kingdom,0,Stable but Passive
17805,74,1,512.31,0,0,0,0,United Kingdom,3,At-Risk
17806,11,1,546.04,0,0,0,0,United Kingdom,2,Occasional but Reachable
17809,16,12,4627.619999999999,2,0,1,0,United Kingdom,1,VIP Customer
17811,4,39,7588.4,21,0,1,0,United Kingdom,1,VIP Customer
17812,13,4,699.81,0,0,0,0,United Kingdom,2,Occasional but Reachable
17813,14,5,1641.79,7,0,0,0,United Kingdom,0,Stable but Passive
17816,37,4,36.56,0,0,0,0,United Kingdom,3,At-Risk
17817,4,3,387.68,0,0,0,0,United Kingdom,2,Occasional but Reachable
17819,72,7,3661.0699999999997,1,0,0,0,United Kingdom,0,Stable but Passive
17824,51,1,298.4,0,0,0,0,United Kingdom,3,At-Risk
17827,5,5,1987.33,0,0,0,0,United Kingdom,1,VIP Customer
17828,23,4,1599.9699999999998,15,0,0,0,Malta,0,Stable but Passive
17829,299,1,889.24,0,0,0,0,United Arab Emirates,3,At-Risk
17830,2,3,398.7,0,0,0,0,United Kingdom,2,Occasional but Reachable
17831,33,1,35.400000000000006,0,0,0,0,United Kingdom,3,At-Risk
17832,50,1,155.37,0,0,0,0,United Kingdom,3,At-Risk
17835,3,3,342.24,0,0,0,0,United Kingdom,2,Occasional but Reachable
17836,47,1,109.45,0,0,1,0,United Kingdom,3,At-Risk
17837,42,8,1496.58,3,0,1,0,United Kingdom,0,Stable but Passive
17838,27,5,2267.4,15,0,0,0,United Kingdom,0,Stable but Passive
17839,42,1,318.15,0,0,0,0,United Kingdom,3,At-Risk
17841,2,124,39853.93,133,0,12,0,United Kingdom,1,VIP Customer
17843,303,1,189.98,0,0,2,0,United Kingdom,3,At-Risk
17844,107,1,51.559999999999995,0,0,0,0,Canada,3,At-Risk
17848,81,9,901.1999999999999,0,0,0,0,United Kingdom,0,Stable but Passive
17849,218,4,605.8000000000001,0,0,0,0,United Kingdom,0,Stable but Passive
17850,372,34,5303.4800000000005,12,0,0,0,United Kingdom,1,VIP Customer
17852,12,2,114.34,0,0,0,0,United Kingdom,2,Occasional but Reachable
17854,185,2,311.26,0,0,0,0,United Kingdom,3,At-Risk
17855,373,1,208.97,0,0,0,0,United Kingdom,3,At-Risk
17856,2,4,1393.79,2,0,0,0,United Kingdom,2,Occasional but Reachable
17857,4,22,23608.34,2,0,6,0,United Kingdom,1,VIP Customer
17858,6,12,5140.66,0,0,0,0,United Kingdom,1,VIP Customer
17859,305,1,141.92000000000002,0,0,0,0,United Kingdom,3,At-Risk
17860,369,1,226.45000000000002,0,0,0,0,United Kingdom,3,At-Risk
17861,3,8,2056.28,1,0,0,0,United Kingdom,1,VIP Customer
17862,324,1,330.9,0,0,0,0,United Kingdom,3,At-Risk
17863,59,6,3160.0,0,0,0,0,United Kingdom,0,Stable but Passive
17864,13,3,554.85,0,0,0,0,United Kingdom,2,Occasional but Reachable
17865,31,20,10154.34,19,0,1,0,United Kingdom,1,VIP Customer
17866,143,1,325.7,1,0,0,0,United Kingdom,3,At-Risk
17867,30,6,583.5200000000001,2,0,0,0,United Kingdom,0,Stable but Passive
17869,107,5,428.18,0,0,0,0,United Kingdom,0,Stable but Passive
17870,2,12,1860.94,1,0,0,0,United Kingdom,1,VIP Customer
17871,205,1,155.9,0,0,0,0,United Kingdom,3,At-Risk
17873,80,5,1495.4,2,0,1,0,United Kingdom,0,Stable but Passive
17874,185,6,658.26,1,0,0,0,United Kingdom,0,Stable but Passive
17877,170,1,237.61,0,0,0,0,United Kingdom,3,At-Risk
17878,44,1,379.45,0,0,0,0,United Kingdom,3,At-Risk
17879,174,1,178.51999999999998,0,0,0,0,United Kingdom,3,At-Risk
17880,365,1,458.92,0,0,0,0,United Kingdom,3,At-Risk
17881,304,1,133.35000000000002,0,0,0,0,United Kingdom,3,At-Risk
17883,3,4,664.34,0,0,0,0,United Kingdom,2,Occasional but Reachable
17884,4,4,695.0699999999999,0,0,0,0,United Kingdom,2,Occasional but Reachable
17885,12,1,156.34,0,0,0,0,United Kingdom,2,Occasional but Reachable
17886,32,3,869.28,0,0,0,0,United Kingdom,0,Stable but Passive
17887,129,1,111.35,0,0,0,0,United Kingdom,3,At-Risk
17888,21,8,515.73,14,0,0,0,United Kingdom,0,Stable but Passive
17889,212,2,201.37,0,0,0,0,United Kingdom,3,At-Risk
17890,323,2,586.89,0,0,0,0,United Kingdom,3,At-Risk
17891,162,1,203.85999999999999,0,0,0,0,United Kingdom,3,At-Risk
17892,56,3,244.1,0,0,0,0,United Kingdom,3,At-Risk
17893,225,1,107.21,0,0,0,0,United Kingdom,3,At-Risk
17894,72,8,1118.12,0,0,1,0,United Kingdom,0,Stable but Passive
17895,44,1,95.45,0,0,0,0,United Kingdom,3,At-Risk
17896,23,1,256.32,0,0,0,0,United Kingdom,2,Occasional but Reachable
17897,173,3,516.3100000000001,1,0,0,0,United Kingdom,3,At-Risk
17898,85,2,152.06,0,0,0,0,United Kingdom,3,At-Risk
17899,159,1,154.55,0,0,0,0,United Kingdom,3,At-Risk
17900,190,2,15.0,5,0,0,0,United Kingdom,3,At-Risk
17901,29,1,110.38,0,0,0,0,United Kingdom,2,Occasional but Reachable
17904,21,1,168.32,1,0,0,0,United Kingdom,2,Occasional but Reachable
17905,71,4,798.99,0,0,0,0,United Kingdom,0,Stable but Passive
17906,247,1,72.9,0,0,0,0,United Kingdom,3,At-Risk
17908,374,1,232.03,0,0,0,0,United Kingdom,3,At-Risk
17911,9,1,366.23,0,0,0,0,United Kingdom,2,Occasional but Reachable
17912,310,5,294.66,2,0,0,0,United Kingdom,3,At-Risk
17913,59,2,408.65,0,0,0,0,United Kingdom,3,At-Risk
17914,4,1,329.36,0,0,0,0,United Kingdom,2,Occasional but Reachable
17917,45,3,335.03,0,0,0,0,United Kingdom,2,Occasional but Reachable
17919,88,1,1304.04,0,0,0,0,United Kingdom,0,Stable but Passive
17920,4,17,4095.7000000000003,0,0,1,0,United Kingdom,1,VIP Customer
17921,64,4,820.23,0,0,0,0,United Kingdom,0,Stable but Passive
17923,282,1,207.50000000000003,0,0,0,0,United Kingdom,3,At-Risk
17924,12,7,2894.33,7,0,0,0,United Kingdom,1,VIP Customer
17925,373,1,244.08,0,0,0,0,United Kingdom,3,At-Risk
17926,133,2,397.29,0,0,0,0,United Kingdom,3,At-Risk
17928,45,2,156.38,0,0,1,0,United Kingdom,3,At-Risk
17929,11,4,834.5,1,0,0,0,United Kingdom,2,Occasional but Reachable
17930,36,5,1740.48,0,0,0,0,United Kingdom,0,Stable but Passive
17931,134,2,408.36,0,0,0,0,United Kingdom,3,At-Risk
17932,29,3,1331.57,0,0,0,0,United Kingdom,0,Stable but Passive
17934,52,2,704.25,0,0,0,0,United Kingdom,0,Stable but Passive
17935,138,2,145.79,0,0,0,0,United Kingdom,3,At-Risk
17936,5,1,380.13,0,0,0,0,United Kingdom,2,Occasional but Reachable
17937,9,7,4301.22,0,0,0,0,United Kingdom,1,VIP Customer
17939,160,1,99.14,0,0,0,0,United Kingdom,3,At-Risk
17941,131,1,304.56,0,0,0,0,United Kingdom,3,At-Risk
17942,8,1,77.50000000000001,0,0,0,0,United Kingdom,2,Occasional but Reachable
17946,233,2,149.57999999999998,0,0,0,0,United Kingdom,3,At-Risk
17947,37,1,176.68,0,0,0,0,United Kingdom,3,At-Risk
17948,147,1,358.56000000000006,0,0,0,0,United Kingdom,3,At-Risk
17949,1,44,52750.840000000004,7,0,3,0,United Kingdom,1,VIP Customer
17950,72,3,472.12,1,0,0,0,United Kingdom,0,Stable but Passive
17951,40,3,990.84,1,0,0,0,United Kingdom,0,Stable but Passive
17954,5,12,2276.78,4,0,0,0,United Kingdom,1,VIP Customer
17955,199,4,557.3,0,0,0,0,United Kingdom,0,Stable but Passive
17956,249,1,12.75,0,0,0,0,United Kingdom,3,At-Risk
17957,66,1,109.76,0,0,1,0,United Kingdom,3,At-Risk
17958,117,1,508.4599999999999,0,0,0,0,United Kingdom,3,At-Risk
17960,171,1,73.78,0,0,0,0,United Kingdom,3,At-Risk
17961,21,39,1296.44,0,0,0,0,United Kingdom,1,VIP Customer
17962,142,1,102.41,0,0,0,0,United Kingdom,3,At-Risk
17964,32,2,463.21,0,0,0,0,United Kingdom,2,Occasional but Reachable
17965,38,14,2599.19,0,0,0,0,United Kingdom,1,VIP Customer
17966,38,5,1098.43,0,0,0,0,United Kingdom,0,Stable but Passive
17967,372,1,112.27,0,0,0,0,United Kingdom,3,At-Risk
17968,374,1,265.1,0,0,0,0,United Kingdom,3,At-Risk
17969,166,2,228.2,0,0,0,0,United Kingdom,3,At-Risk
17970,211,1,562.79,0,0,0,0,United Kingdom,3,At-Risk
17972,242,1,135.19,0,0,0,0,United Kingdom,3,At-Risk
17973,52,1,337.04,0,0,0,0,United Kingdom,3,At-Risk
17974,25,3,703.99,0,0,0,0,United Kingdom,2,Occasional but Reachable
17975,15,13,4381.46,1,0,1,0,United Kingdom,1,VIP Customer
17976,372,1,321.79,0,0,0,0,United Kingdom,3,At-Risk
17977,29,1,288.14,0,0,0,0,United Kingdom,2,Occasional but Reachable
17978,365,1,300.91999999999996,0,0,0,0,United Kingdom,3,At-Risk
17979,36,4,705.71,1,0,1,0,United Kingdom,0,Stable but Passive
17980,166,3,811.45,0,0,0,0,United Kingdom,0,Stable but Passive
17984,145,1,152.68,0,0,0,0,United Kingdom,3,At-Risk
17985,22,1,631.35,0,0,0,0,United Kingdom,2,Occasional but Reachable
17986,56,1,20.8,0,0,0,0,United Kingdom,3,At-Risk
17987,185,1,198.57,0,0,0,0,United Kingdom,3,At-Risk
17988,12,7,191.17000000000002,1,0,0,0,United Kingdom,2,Occasional but Reachable
17990,237,3,630.84,0,0,0,0,United Kingdom,3,At-Risk
17991,225,2,93.35,0,0,0,0,United Kingdom,3,At-Risk
17994,122,4,626.09,3,0,0,0,United Kingdom,0,Stable but Passive
17995,282,1,76.1,0,0,0,0,United Kingdom,3,At-Risk
17997,74,8,1503.09,12,0,2,0,United Kingdom,0,Stable but Passive
17999,37,2,380.39,0,0,0,0,United Kingdom,2,Occasional but Reachable
18001,12,2,415.13,0,0,0,0,United Kingdom,2,Occasional but Reachable
18004,362,1,157.92,0,0,0,0,United Kingdom,3,At-Risk
18005,4,2,226.47,0,0,0,0,United Kingdom,2,Occasional but Reachable
18006,23,1,444.68,0,0,0,0,United Kingdom,2,Occasional but Reachable
18008,70,9,2116.19,0,0,0,0,United Kingdom,0,Stable but Passive
18009,235,1,242.29,1,0,0,0,United Kingdom,3,At-Risk
18010,257,1,174.8,0,0,0,0,United Kingdom,3,At-Risk
18011,373,1,102.78999999999999,0,0,0,0,United Kingdom,3,At-Risk
18013,155,2,187.29,0,0,0,0,United Kingdom,3,At-Risk
18014,28,1,146.32000000000002,0,0,1,0,United Kingdom,2,Occasional but Reachable
18015,4,1,120.03,0,0,0,0,United Kingdom,2,Occasional but Reachable
18016,32,5,1477.66,0,0,0,0,United Kingdom,0,Stable but Passive
18017,81,3,523.0,0,0,0,0,United Kingdom,0,Stable but Passive
18018,108,2,122.14,0,0,0,0,United Kingdom,3,At-Risk
18019,52,1,38.45,0,0,0,0,United Kingdom,3,At-Risk
18022,36,1,612.72,0,0,0,0,United Kingdom,2,Occasional but Reachable
18024,153,2,236.77999999999997,1,0,0,0,United Kingdom,3,At-Risk
18027,99,1,115.31,0,0,0,0,United Kingdom,3,At-Risk
18030,4,2,220.7,1,0,0,0,United Kingdom,2,Occasional but Reachable
18032,334,1,73.5,0,0,0,0,United Kingdom,3,At-Risk
18033,65,1,93.82000000000001,0,0,0,0,United Kingdom,3,At-Risk
18034,22,2,418.68,0,0,0,0,United Kingdom,2,Occasional but Reachable
18035,36,3,713.89,0,0,0,0,United Kingdom,0,Stable but Passive
18036,32,3,403.12,0,0,0,0,United Kingdom,2,Occasional but Reachable
18037,154,6,70.02,0,0,0,0,United Kingdom,3,At-Risk
18040,19,2,357.20000000000005,0,0,0,0,United Kingdom,2,Occasional but Reachable
18041,12,21,4075.12,2,0,0,0,United Kingdom,1,VIP Customer
18042,54,1,165.04999999999998,0,0,0,0,United Kingdom,3,At-Risk
18043,25,3,529.29,0,0,0,0,United Kingdom,2,Occasional but Reachable
18044,4,10,2085.65,1,0,0,0,United Kingdom,1,VIP Customer
18045,45,1,178.34,0,0,0,0,United Kingdom,3,At-Risk
18048,203,2,172.29000000000002,0,0,0,0,United Kingdom,3,At-Risk
18050,359,1,74.4,0,0,0,0,United Kingdom,3,At-Risk
18053,71,1,297.07,1,0,0,0,United Kingdom,3,At-Risk
18055,7,10,6729.29,3,0,0,0,United Kingdom,1,VIP Customer
18056,288,1,363.65,0,0,0,0,United Kingdom,3,At-Risk
18058,10,1,170.16,0,0,0,0,United Kingdom,2,Occasional but Reachable
18059,23,3,296.71,2,0,0,0,United Kingdom,2,Occasional but Reachable
18061,22,10,2119.41,0,0,0,0,United Kingdom,1,VIP Customer
18062,173,3,720.52,0,0,0,0,United Kingdom,0,Stable but Passive
18064,133,2,814.0,0,0,0,0,United Kingdom,0,Stable but Passive
18065,6,14,2380.08,1,0,0,0,United Kingdom,1,VIP Customer
18066,75,1,318.0,0,0,0,0,United Kingdom,3,At-Risk
18067,40,1,396.33,0,0,0,0,United Kingdom,2,Occasional but Reachable
18068,289,1,101.69999999999999,0,0,0,0,United Kingdom,3,At-Risk
18069,26,5,1994.39,2,0,0,0,United Kingdom,0,Stable but Passive
18071,258,2,453.0,0,0,0,0,United Kingdom,3,At-Risk
18072,186,1,1.0658141036401503e-14,16,0,2,0,United Kingdom,3,At-Risk
18073,114,12,3846.7400000000002,3,0,0,0,United Kingdom,0,Stable but Passive
18074,374,1,489.6,0,0,0,0,United Kingdom,3,At-Risk
18075,23,10,2538.72,11,0,0,0,United Kingdom,1,VIP Customer
18077,8,11,2584.41,0,0,0,0,United Kingdom,1,VIP Customer
18078,217,2,336.13,0,0,0,0,United Kingdom,3,At-Risk
18079,45,4,3613.15,0,0,0,0,United Kingdom,0,Stable but Passive
18080,19,2,1231.5,0,0,0,0,United Kingdom,2,Occasional but Reachable
18081,36,3,343.45,0,0,0,0,United Kingdom,2,Occasional but Reachable
18082,26,1,680.84,0,0,0,0,United Kingdom,2,Occasional but Reachable
18084,16,1,87.52999999999999,1,0,0,0,United Kingdom,2,Occasional but Reachable
18085,330,2,689.95,0,0,0,0,United Kingdom,3,At-Risk
18086,274,1,101.34,0,0,0,0,United Kingdom,3,At-Risk
18087,291,1,2064.5199999999995,5,0,1,0,United Kingdom,3,At-Risk
18088,61,1,166.03,0,0,0,0,United Kingdom,3,At-Risk
18092,2,11,9065.76,1,0,0,0,United Kingdom,1,VIP Customer
18093,93,4,2083.42,2,0,0,0,United Kingdom,0,Stable but Passive
18094,82,7,3017.3,0,0,0,0,United Kingdom,0,Stable but Passive
18095,313,2,580.0500000000001,0,0,0,0,United Kingdom,3,At-Risk
18096,12,3,849.06,0,0,0,0,United Kingdom,2,Occasional but Reachable
18097,8,6,2657.4500000000003,1,0,0,0,United Kingdom,1,VIP Customer
18099,127,1,168.31,0,0,0,0,United Kingdom,3,At-Risk
18101,11,2,222.4,0,0,0,0,United Kingdom,2,Occasional but Reachable
18102,1,60,256438.49,0,0,2,0,United Kingdom,1,VIP Customer
18104,37,1,754.64,0,0,0,0,United Kingdom,2,Occasional but Reachable
18105,38,1,113.48000000000002,0,0,0,0,United Kingdom,3,At-Risk
18106,330,1,421.9,0,0,0,0,United Kingdom,3,At-Risk
18108,254,1,264.65,2,0,0,0,United Kingdom,3,At-Risk
18109,2,26,7877.27,10,0,0,0,United Kingdom,1,VIP Customer
18110,20,1,168.55,3,0,0,0,United Kingdom,2,Occasional but Reachable
18112,12,2,352.69,0,0,0,0,United Kingdom,2,Occasional but Reachable
18113,369,1,76.32000000000001,0,0,0,0,United Kingdom,3,At-Risk
18114,290,1,220.1,0,0,0,0,United Kingdom,3,At-Risk
18116,68,8,1395.91,0,0,1,0,United Kingdom,0,Stable but Passive
18117,26,1,313.15,0,0,1,0,United Kingdom,2,Occasional but Reachable
18118,11,26,5562.2300000000005,5,0,1,0,United Kingdom,1,VIP Customer
18119,368,1,180.7,0,0,0,0,United Kingdom,3,At-Risk
18120,214,1,111.15,0,0,0,0,United Kingdom,3,At-Risk
18121,149,2,653.3,0,0,0,0,United Kingdom,3,At-Risk
18122,8,6,1790.62,0,0,2,0,United Kingdom,1,VIP Customer
18123,24,2,574.4399999999999,0,0,0,0,United Kingdom,2,Occasional but Reachable
18125,30,4,1130.1,1,0,0,0,United Kingdom,0,Stable but Passive
18126,61,1,196.24,0,0,1,0,United Kingdom,3,At-Risk
18127,19,3,347.08,0,0,0,0,United Kingdom,2,Occasional but Reachable
18129,243,1,112.55000000000001,0,0,0,0,United Kingdom,3,At-Risk
18130,15,3,1045.74,1,0,0,0,United Kingdom,2,Occasional but Reachable
18133,212,1,715.4999999999999,0,0,1,0,United Kingdom,3,At-Risk
18135,29,5,681.9100000000001,0,0,0,0,United Kingdom,0,Stable but Passive
18136,63,3,761.83,1,0,0,0,United Kingdom,0,Stable but Passive
18138,295,1,152.65,0,0,0,0,United Kingdom,3,At-Risk
18139,18,6,8393.22,0,0,3,0,United Kingdom,1,VIP Customer
18142,157,2,1014.9,3,0,0,0,United Kingdom,0,Stable but Passive
18143,117,2,1000.16,0,0,0,0,United Kingdom,0,Stable but Passive
18144,8,12,2888.75,0,0,0,0,United Kingdom,1,VIP Customer
18145,13,4,2861.55,0,0,0,0,United Kingdom,0,Stable but Passive
18146,141,2,160.35000000000002,0,0,0,0,United Kingdom,3,At-Risk
18147,46,2,179.33999999999997,0,0,0,0,United Kingdom,3,At-Risk
18149,51,3,612.0799999999999,0,0,0,0,United Kingdom,0,Stable but Passive
18150,32,3,566.58,0,0,0,0,United Kingdom,2,Occasional but Reachable
18151,135,2,653.35,0,0,0,0,United Kingdom,3,At-Risk
18154,3,2,399.19,0,0,0,0,United Kingdom,2,Occasional but Reachable
18155,75,3,347.82,3,0,0,0,United Kingdom,3,At-Risk
18156,13,2,675.64,0,0,0,0,United Kingdom,2,Occasional but Reachable
18158,9,2,451.75,1,0,0,0,United Kingdom,2,Occasional but Reachable
18159,301,1,530.15,0,0,0,0,United Kingdom,3,At-Risk
18160,57,2,638.0600000000001,0,0,0,0,United Kingdom,0,Stable but Passive
18161,15,5,1612.79,1,0,0,0,United Kingdom,0,Stable but Passive
18164,37,1,394.70000000000005,1,0,0,0,United Kingdom,2,Occasional but Reachable
18165,177,1,302.46000000000004,0,0,0,0,United Kingdom,3,At-Risk
18167,23,3,1355.5100000000002,5,1,0,0,United Kingdom,0,Stable but Passive
18168,176,6,1123.74,9,0,0,0,United Kingdom,0,Stable but Passive
18169,61,1,202.65,0,0,0,0,United Kingdom,3,At-Risk
18170,33,3,980.31,0,0,0,0,United Kingdom,0,Stable but Passive
18171,59,5,1208.51,2,0,0,0,United Kingdom,0,Stable but Passive
18172,15,20,7490.17,8,0,0,0,United Kingdom,1,VIP Customer
18173,87,4,2106.84,0,0,0,0,United Kingdom,0,Stable but Passive
18174,7,1,104.0,0,0,0,0,United Kingdom,2,Occasional but Reachable
18176,358,1,448.65000000000003,3,0,0,0,United Kingdom,3,At-Risk
18177,31,6,1313.6200000000001,1,0,0,0,United Kingdom,0,Stable but Passive
18178,129,4,1573.4099999999999,2,0,0,0,United Kingdom,0,Stable but Passive
18179,9,6,1793.17,0,0,0,0,United Kingdom,1,VIP Customer
18180,5,6,1843.75,0,0,0,0,United Kingdom,1,VIP Customer
18181,24,1,366.85,0,0,0,0,United Kingdom,2,Occasional but Reachable
18183,227,2,600.5200000000001,7,0,0,0,United Kingdom,3,At-Risk
18184,15,1,49.8,0,0,0,0,United Kingdom,2,Occasional but Reachable
18185,249,1,304.25,0,0,0,0,United Kingdom,3,At-Risk
18188,15,3,1998.49,1,0,0,0,United Kingdom,0,Stable but Passive
18189,78,2,1084.34,1,0,0,0,United Kingdom,0,Stable but Passive
18190,192,2,274.51000000000005,1,0,0,0,United Kingdom,3,At-Risk
18191,262,1,207.79999999999998,0,0,0,0,United Kingdom,3,At-Risk
18192,72,1,957.97,0,0,0,0,United Kingdom,3,At-Risk
18193,165,1,212.95999999999998,2,0,0,0,United Kingdom,3,At-Risk
18194,82,1,895.9999999999999,2,0,0,0,United Kingdom,3,At-Risk
18196,95,2,686.63,0,0,0,0,United Kingdom,0,Stable but Passive
18198,4,17,5083.06,7,0,0,0,United Kingdom,1,VIP Customer
18200,106,1,150.35,0,0,0,0,United Kingdom,3,At-Risk
18202,200,3,1396.99,0,0,0,0,United Kingdom,0,Stable but Passive
18203,157,1,160.42000000000002,0,0,0,0,United Kingdom,3,At-Risk
18204,71,3,1960.9499999999998,2,0,0,0,United Kingdom,0,Stable but Passive
18205,36,2,517.36,0,0,0,0,United Kingdom,2,Occasional but Reachable
18209,29,1,139.10000000000002,0,0,0,0,United Kingdom,2,Occasional but Reachable
18210,2,6,2621.38,0,0,0,0,United Kingdom,1,VIP Customer
18211,26,5,600.07,0,0,0,0,United Kingdom,0,Stable but Passive
18212,326,1,216.07,0,0,0,0,United Kingdom,3,At-Risk
18213,237,1,232.48000000000002,0,0,0,0,United Kingdom,3,At-Risk
18215,89,1,299.34000000000003,0,0,0,0,United Kingdom,3,At-Risk
18216,31,1,481.75,0,0,0,0,United Kingdom,2,Occasional but Reachable
18217,29,2,621.75,0,0,0,0,United Kingdom,2,Occasional but Reachable
18218,211,2,606.2199999999999,3,0,0,0,United Kingdom,3,At-Risk
18219,3,10,2019.77,1,0,0,0,United Kingdom,1,VIP Customer
18220,227,1,297.78000000000003,2,0,0,0,United Kingdom,3,At-Risk
18221,22,5,1033.31,1,0,0,0,United Kingdom,0,Stable but Passive
18222,93,1,443.0,0,0,0,0,United Kingdom,3,At-Risk
18223,5,14,6315.23,27,0,0,0,United Kingdom,1,VIP Customer
18224,264,1,158.95000000000002,0,0,0,0,United Kingdom,3,At-Risk
18225,3,12,5356.86,15,0,0,0,United Kingdom,1,VIP Customer
18226,44,11,5192.1,3,0,0,0,United Kingdom,1,VIP Customer
18227,218,1,93.75,0,0,0,0,United Kingdom,3,At-Risk
18228,57,2,769.1999999999999,2,0,0,0,United Kingdom,0,Stable but Passive
18229,12,20,7276.900000000001,0,0,0,0,United Kingdom,1,VIP Customer
18230,9,7,2716.6000000000004,3,0,0,0,United Kingdom,1,VIP Customer
18231,192,5,2054.67,2,0,0,0,United Kingdom,0,Stable but Passive
18232,82,4,582.47,3,0,0,0,United Kingdom,0,Stable but Passive
18233,326,1,440.0,0,0,0,0,United Kingdom,3,At-Risk
18235,72,3,1796.48,0,0,0,0,United Kingdom,0,Stable but Passive
18236,30,6,882.24,0,0,0,0,United Kingdom,0,Stable but Passive
18237,3,5,987.1,0,0,0,0,United Kingdom,2,Occasional but Reachable
18239,219,5,1561.6100000000001,0,0,0,0,United Kingdom,0,Stable but Passive
18240,46,1,422.58,0,0,0,0,United Kingdom,3,At-Risk
18241,10,17,2058.09,1,0,0,0,United Kingdom,1,VIP Customer
18242,72,4,2232.4900000000002,0,0,0,0,United Kingdom,0,Stable but Passive
18245,7,7,2507.56,2,0,0,0,United Kingdom,1,VIP Customer
18246,24,2,596.1,0,0,0,0,United Kingdom,2,Occasional but Reachable
18248,123,2,783.02,2,0,0,0,United Kingdom,0,Stable but Passive
18249,17,1,95.34,0,0,0,0,United Kingdom,2,Occasional but Reachable
18250,310,1,342.91999999999996,1,0,0,0,United Kingdom,3,At-Risk
18251,87,1,4314.72,0,0,0,0,United Kingdom,0,Stable but Passive
18252,51,2,518.27,0,0,0,0,United Kingdom,2,Occasional but Reachable
18255,89,1,103.3,0,0,0,0,United Kingdom,3,At-Risk
18257,39,8,2265.38,5,0,0,0,United Kingdom,0,Stable but Passive
18259,25,3,2338.6000000000004,0,0,0,0,United Kingdom,0,Stable but Passive
18260,173,6,2580.15,6,0,0,0,United Kingdom,0,Stable but Passive
18261,43,2,324.24,0,0,0,0,United Kingdom,2,Occasional but Reachable
18262,140,1,149.48,0,0,0,0,United Kingdom,3,At-Risk
18263,26,3,1211.08,1,0,0,0,United Kingdom,0,Stable but Passive
18265,72,2,801.51,0,0,0,0,United Kingdom,0,Stable but Passive
18268,134,1,0.0,1,0,0,0,United Kingdom,3,At-Risk
18269,366,1,138.89999999999998,1,0,0,0,United Kingdom,3,At-Risk
18270,38,2,238.95,2,0,0,0,United Kingdom,2,Occasional but Reachable
18272,3,6,3064.7799999999997,4,0,0,0,United Kingdom,1,VIP Customer
18273,2,3,204.0,0,0,0,0,United Kingdom,2,Occasional but Reachable
18274,30,1,0.0,11,0,0,0,United Kingdom,3,At-Risk
18276,44,1,323.36,2,0,0,0,United Kingdom,3,At-Risk
18277,58,1,97.63,1,0,0,0,United Kingdom,3,At-Risk
18278,74,1,173.9,0,0,0,0,United Kingdom,3,At-Risk
18280,278,1,180.60000000000002,0,0,0,0,United Kingdom,3,At-Risk
18281,181,1,80.82,0,0,0,0,United Kingdom,3,At-Risk
18282,8,2,176.60000000000002,1,0,0,0,United Kingdom,2,Occasional but Reachable
18283,4,16,2033.6299999999999,0,0,2,0,United Kingdom,1,VIP Customer
18287,43,3,1837.28,0,0,0,0,United Kingdom,0,Stable but Passive
